nameseq,fickett_score-ORF,fickett_score-full-sequence,label
AE006468.2/4399812-4399927,0.8574999999999999,0.39479000000000003,rRNA
AE006468.2/3566749-3566634,1.0016,0.43895999999999996,rRNA
AE006468.2/294522-294637,0.9065000000000001,0.41524,rRNA
AE006468.2/4100145-4101686,0.4817,0.33558,rRNA
AE006468.2/289180-290721,0.518,0.34944,rRNA
AE006468.2/3572014-3570473,0.4817,0.33558,rRNA
AE006468.2/2801663-2800122,0.4817,0.33558,rRNA
AE006468.2/4394688-4396230,0.4817,0.33558,rRNA
AE006468.2/4100150-4101684,0.4817,0.33558,rRNA
AE006468.2/289185-290719,0.4817,0.33558,rRNA
AE006468.2/2801658-2800124,0.4817,0.33558,rRNA
AE006468.2/3572009-3570475,0.4817,0.33558,rRNA
AE006468.2/4394693-4396228,0.518,0.34944,rRNA
AE006468.2/2801658-2800127,0.4817,0.33558,rRNA
AE006468.2/3572009-3570478,0.4817,0.33558,rRNA
AE006468.2/4100150-4101681,0.4817,0.33558,rRNA
AE006468.2/289185-290716,0.4817,0.33558,rRNA
AE006468.2/4394693-4396225,0.4817,0.33558,rRNA
AE006468.2/2799768-2796761,0.4453,0.3044,rRNA
AE006468.2/3570080-3567089,0.4505,0.29572,rRNA
AE006468.2/4353199-4356190,0.4505,0.29572,rRNA
AE006468.2/4198128-4201119,0.4505,0.29572,rRNA
AE006468.2/4396623-4399614,0.4505,0.29572,rRNA
AE006468.2/4102040-4105031,0.4505,0.29572,rRNA
AE006468.2/291234-294324,0.4505,0.29572,rRNA
AE006468.2/4198129-4201120,0.4505,0.29572,rRNA
AE006468.2/4353200-4356191,0.4505,0.29572,rRNA
AE006468.2/3570079-3567088,0.4505,0.29572,rRNA
AE006468.2/4396624-4399615,0.4505,0.29572,rRNA
AE006468.2/2799767-2796760,0.4453,0.3044,rRNA
AE006468.2/4102041-4105032,0.4505,0.29572,rRNA
AE006468.2/291235-294325,0.4505,0.29572,rRNA
AE006468.2/2799608-2796773,0.4505,0.29572,rRNA
AE006468.2/3569920-3567099,0.4505,0.32442000000000004,rRNA
AE006468.2/4353359-4356180,0.4505,0.32442000000000004,rRNA
AE006468.2/4396783-4399604,0.4505,0.32442000000000004,rRNA
AE006468.2/4198288-4201109,0.4505,0.32442000000000004,rRNA
AE006468.2/4102200-4105021,0.4505,0.32442000000000004,rRNA
AE006468.2/291394-294314,0.4505,0.29572,rRNA
NZ_CP029463.1/451506-451397,0.6089,0.38319000000000003,rRNA
NZ_CP029463.1/2898154-2899670,0.42919999999999997,0.31940999999999997,rRNA
NZ_CP029463.1/456422-454907,0.46549999999999997,0.33326999999999996,rRNA
NZ_CP029463.1/940436-938922,0.45299999999999996,0.3385,rRNA
NZ_CP029463.1/456417-454909,0.46549999999999997,0.33326999999999996,rRNA
NZ_CP029463.1/2898159-2899668,0.45289999999999997,0.32117999999999997,rRNA
NZ_CP029463.1/940431-938924,0.45299999999999996,0.3385,rRNA
NZ_CP029463.1/2898159-2899665,0.4452,0.32621999999999995,rRNA
NZ_CP029463.1/456417-454912,0.4578,0.33830999999999994,rRNA
NZ_CP029463.1/940431-938927,0.44530000000000003,0.32043999999999995,rRNA
NZ_CP029463.1/2900078-2902948,0.4153,0.31052,rRNA
NZ_CP029463.1/454500-451631,0.4153,0.31052,rRNA
NZ_CP029463.1/938515-935648,0.4279,0.29951,rRNA
NZ_CP029463.1/2900080-2902948,0.4153,0.31052,rRNA
NZ_CP029463.1/454498-451631,0.4153,0.31052,rRNA
NZ_CP029463.1/938513-935648,0.4279,0.29951,rRNA
NZ_CP029463.1/454354-451490,0.44190000000000007,0.28522000000000003,rRNA
NZ_CP029463.1/2900225-2903090,0.44190000000000007,0.28522000000000003,rRNA
NZ_CP029463.1/938370-935507,0.45450000000000007,0.29731,rRNA
AL123456.3/1476900-1477012,1.0411000000000001,0.43563999999999997,rRNA
AL123456.3/1473670-1473825,0.4278,0.31776,rRNA
AL123456.3/1471849-1473380,0.49049999999999994,0.31549,rRNA
AL123456.3/1471854-1473378,0.49049999999999994,0.31549,rRNA
AL123456.3/1471854-1473375,0.5030999999999999,0.32758,rRNA
AL123456.3/1473656-1476795,0.468,0.28148,rRNA
AL123456.3/1473658-1476795,0.468,0.28148,rRNA
AL123456.3/1473819-1476784,0.468,0.28148,rRNA
NC_005042.1/358431-358547,0.9589,0.47287999999999997,rRNA
NC_005042.1/353311-354795,0.49820000000000003,0.33368,rRNA
NC_005042.1/353316-354793,0.4928,0.32903,rRNA
NC_005042.1/353316-354790,0.49820000000000003,0.33368,rRNA
NC_005042.1/355460-358335,0.4868,0.33828,rRNA
NC_005042.1/355462-358335,0.4868,0.33828,rRNA
NC_005042.1/355608-358430,0.43999999999999995,0.33009,rRNA
NZ_CP072646.1/111049-111165,1.0501,0.46532,rRNA
NZ_CP072646.1/106357-107858,0.47709999999999997,0.34367000000000003,rRNA
NZ_CP072646.1/106362-107856,0.47709999999999997,0.32057,rRNA
NZ_CP072646.1/106362-107853,0.4579,0.34519,rRNA
NZ_CP072646.1/108120-111006,0.4505,0.27262000000000003,rRNA
NZ_CP072646.1/108121-111007,0.4505,0.27262000000000003,rRNA
NZ_CP072646.1/108263-110995,0.43999999999999995,0.27829,rRNA
CP025209.1/684213-684329,1.065,0.33893,rRNA
CP025209.1/679099-680617,0.46599999999999997,0.27649999999999997,rRNA
CP025209.1/2120249-2118807,0.4628,0.31161,rRNA
CP025209.1/679104-680615,0.46599999999999997,0.27649999999999997,rRNA
CP025209.1/2120244-2118809,0.4991,0.32547,rRNA
CP025209.1/679104-680612,0.46599999999999997,0.27649999999999997,rRNA
CP025209.1/2120244-2118812,0.4628,0.31161,rRNA
CP025209.1/680981-684066,0.48829999999999996,0.33966999999999997,rRNA
CP025209.1/2118475-2115460,0.42479999999999996,0.27886,rRNA
CP025209.1/680982-684067,0.48829999999999996,0.33966999999999997,rRNA
CP025209.1/2118474-2115459,0.42479999999999996,0.27886,rRNA
CP025209.1/681143-684122,0.46849999999999997,0.34219,rRNA
CP025209.1/2118319-2115405,0.42479999999999996,0.27886,rRNA
NC_018014.1/929823-929939,1.1614,0.40936999999999996,rRNA
NC_018014.1/926706-926859,0.5214,0.35816,rRNA
NC_018014.1/924354-925855,0.5447,0.34163,rRNA
NC_018014.1/924359-925853,0.5447,0.34163,rRNA
NC_018014.1/924359-925850,0.5498000000000001,0.33131,rRNA
NC_018014.1/2076795-2079744,0.4323,0.28332999999999997,rRNA
NC_018014.1/926693-929642,0.4323,0.28332999999999997,rRNA
NC_018014.1/2076796-2079745,0.4323,0.28332999999999997,rRNA
NC_018014.1/926694-929643,0.4323,0.28332999999999997,rRNA
NC_018014.1/2076956-2079733,0.4323,0.28332999999999997,rRNA
NC_018014.1/926854-929631,0.4323,0.28332999999999997,rRNA
NZ_LT629973.1/908764-908649,0.9928000000000001,0.38853,rRNA
NZ_LT629973.1/913847-912334,0.613,0.33379000000000003,rRNA
NZ_LT629973.1/913842-912336,0.613,0.33379000000000003,rRNA
NZ_LT629973.1/913842-912339,0.613,0.33379000000000003,rRNA
NZ_LT629973.1/911757-908933,0.4202,0.33513,rRNA
NZ_LT629973.1/911756-908932,0.4202,0.33513,rRNA
NZ_LT629973.1/911595-908936,0.4323,0.33513,rRNA
NZ_CP073100.1/279304-279419,0.9168000000000001,0.40394,rRNA
NZ_CP073100.1/276248-276400,0.5645,0.35935,rRNA
NZ_CP073100.1/274061-275598,0.5229,0.34456,rRNA
NZ_CP073100.1/4919751-4921284,0.5277999999999999,0.32155,rRNA
NZ_CP073100.1/274066-275596,0.5229,0.34456,rRNA
NZ_CP073100.1/4919756-4921282,0.5277999999999999,0.32155,rRNA
NZ_CP073100.1/274066-275593,0.5229,0.34456,rRNA
NZ_CP073100.1/4919756-4921279,0.5420999999999999,0.32491000000000003,rRNA
NZ_CP073100.1/276235-279060,0.42179999999999995,0.29864,rRNA
NZ_CP073100.1/4921918-4924740,0.43439999999999995,0.33943,rRNA
NZ_CP073100.1/276236-279061,0.42179999999999995,0.29864,rRNA
NZ_CP073100.1/4921919-4924741,0.43439999999999995,0.33943,rRNA
NZ_CP073100.1/4922082-4924728,0.45259999999999995,0.34218,rRNA
NZ_CP073100.1/276399-279048,0.43999999999999995,0.30139,rRNA
CP035288.1/813521-813635,1.1893,0.42939,rRNA
CP035288.1/1020593-1022143,0.5899,0.38577999999999996,rRNA
CP035288.1/808715-810265,0.5899,0.38577999999999996,rRNA
CP035288.1/1020598-1022141,0.5899,0.38577999999999996,rRNA
CP035288.1/808720-810263,0.5899,0.38577999999999996,rRNA
CP035288.1/1020598-1022138,0.5899,0.38577999999999996,rRNA
CP035288.1/808720-810260,0.5899,0.38577999999999996,rRNA
CP035288.1/810527-813450,0.4279,0.29951,rRNA
CP035288.1/810529-813450,0.4227,0.30818999999999996,rRNA
CP035288.1/810692-813439,0.4279,0.32821,rRNA
NC_007795.1/492125-492239,1.1879000000000002,0.45645,rRNA
NC_007795.1/453734-453847,0.8863,0.41059,rRNA
NC_007795.1/495030-495184,0.6179,0.38956,rRNA
NC_007795.1/1906484-1904933,0.45809999999999995,0.34119999999999995,rRNA
NC_007795.1/493100-494651,0.45809999999999995,0.34119999999999995,rRNA
NC_007795.1/2127953-2126402,0.48289999999999994,0.36169999999999997,rRNA
NC_007795.1/448820-450372,0.44139999999999996,0.35651999999999995,rRNA
NC_007795.1/2244355-2242802,0.5951,0.3771,rRNA
NC_007795.1/1906479-1904935,0.45809999999999995,0.34119999999999995,rRNA
NC_007795.1/493105-494649,0.45809999999999995,0.34119999999999995,rRNA
NC_007795.1/448825-450370,0.44139999999999996,0.35651999999999995,rRNA
NC_007795.1/2127948-2126404,0.48289999999999994,0.36169999999999997,rRNA
NC_007795.1/2244350-2242804,0.5951,0.3771,rRNA
NC_007795.1/1906479-1904938,0.45809999999999995,0.34119999999999995,rRNA
NC_007795.1/493105-494646,0.45809999999999995,0.34119999999999995,rRNA
NC_007795.1/448825-450367,0.44139999999999996,0.35651999999999995,rRNA
NC_007795.1/2127948-2126407,0.48289999999999994,0.36169999999999997,rRNA
NC_007795.1/2244350-2242807,0.5951,0.3771,rRNA
NC_007795.1/2125855-2122931,0.4153,0.28742,rRNA
NC_007795.1/495016-497940,0.4153,0.28742,rRNA
NC_007795.1/1904459-1901536,0.4279,0.29951,rRNA
NC_007795.1/450737-453661,0.4153,0.28742,rRNA
NC_007795.1/2125853-2122931,0.4153,0.28742,rRNA
NC_007795.1/495018-497940,0.4153,0.28742,rRNA
NC_007795.1/450739-453661,0.4153,0.28742,rRNA
NC_007795.1/1904457-1901536,0.4279,0.29951,rRNA
NC_007795.1/2125690-2122942,0.4153,0.28742,rRNA
NC_007795.1/450902-453650,0.4153,0.28742,rRNA
NC_007795.1/495181-497929,0.4153,0.28742,rRNA
NC_007795.1/1904294-1901547,0.4279,0.29951,rRNA
U00096.3/4040519-4040634,0.8783000000000001,0.40011,rRNA
U00096.3/4171639-4171754,0.8909,0.41219999999999996,rRNA
U00096.3/3941808-3943349,0.4579,0.34519,rRNA
U00096.3/3428762-3427221,0.4579,0.34519,rRNA
U00096.3/2731157-2729616,0.4579,0.34519,rRNA
U00096.3/4035531-4037072,0.4579,0.34519,rRNA
U00096.3/4166659-4168200,0.4579,0.34519,rRNA
U00096.3/223771-225312,0.4943,0.34767000000000003,rRNA
U00096.3/3941813-3943347,0.4943,0.34767000000000003,rRNA
U00096.3/4035536-4037070,0.4579,0.34519,rRNA
U00096.3/3428757-3427223,0.47709999999999997,0.34367000000000003,rRNA
U00096.3/4166664-4168198,0.4579,0.34519,rRNA
U00096.3/2731152-2729618,0.4436,0.34182999999999997,rRNA
U00096.3/223776-225310,0.4579,0.34519,rRNA
U00096.3/3941813-3943344,0.4943,0.34767000000000003,rRNA
U00096.3/223776-225307,0.4579,0.34519,rRNA
U00096.3/3428757-3427226,0.4579,0.34519,rRNA
U00096.3/4166664-4168195,0.4579,0.34519,rRNA
U00096.3/4035536-4037067,0.4579,0.34519,rRNA
U00096.3/2731152-2729621,0.4436,0.34182999999999997,rRNA
U00096.3/4210042-4212945,0.4868,0.33828,rRNA
U00096.3/2729185-2726282,0.4868,0.33828,rRNA
U00096.3/4037518-4040422,0.4453,0.2813,rRNA
U00096.3/225758-228661,0.4868,0.33828,rRNA
U00096.3/3943703-3946606,0.4868,0.33828,rRNA
U00096.3/3426784-3423881,0.4868,0.33828,rRNA
U00096.3/2729184-2726281,0.4505,0.32442000000000004,rRNA
U00096.3/4210043-4212946,0.4868,0.33828,rRNA
U00096.3/225759-228662,0.4868,0.33828,rRNA
U00096.3/4037519-4040423,0.4453,0.2813,rRNA
U00096.3/3943704-3946607,0.4868,0.33828,rRNA
U00096.3/3426783-3423880,0.4505,0.32442000000000004,rRNA
U00096.3/2729025-2726292,0.4868,0.33828,rRNA
U00096.3/4210202-4212933,0.4868,0.33828,rRNA
U00096.3/4037678-4040410,0.4505,0.27262000000000003,rRNA
U00096.3/225918-228649,0.4868,0.33828,rRNA
U00096.3/3943863-3946594,0.4868,0.30958,rRNA
U00096.3/3426624-3423891,0.4868,0.33828,rRNA
NZ_CP071878.1/5348415-5348526,0.9458,0.43561,rRNA
NZ_CP071878.1/5345236-5345383,0.6203,0.36711000000000005,rRNA
NZ_CP071878.1/6235097-6236616,0.5073,0.3404,rRNA
NZ_CP071878.1/5921547-5923062,0.6064,0.35619,rRNA
NZ_CP071878.1/5343015-5344533,0.4141,0.28058,rRNA
NZ_CP071878.1/6235102-6236614,0.5073,0.3404,rRNA
NZ_CP071878.1/5921552-5923060,0.6141,0.35115,rRNA
NZ_CP071878.1/5343020-5344531,0.42179999999999995,0.27554,rRNA
NZ_CP071878.1/5921552-5923057,0.6064,0.35619,rRNA
NZ_CP071878.1/6235102-6236611,0.5073,0.3404,rRNA
NZ_CP071878.1/5343020-5344528,0.4141,0.28058,rRNA
NZ_CP071878.1/5345221-5348100,0.4032,0.28742,rRNA
NZ_CP071878.1/5923749-5926628,0.4158,0.35131,rRNA
NZ_CP071878.1/6237303-6240182,0.4032,0.31052,rRNA
NZ_CP071878.1/6237305-6240182,0.4032,0.31052,rRNA
NZ_CP071878.1/5345223-5348100,0.4032,0.28742,rRNA
NZ_CP071878.1/5923751-5926628,0.4158,0.35131,rRNA
NZ_CP071878.1/6237446-6240325,0.42869999999999997,0.31295000000000006,rRNA
NZ_CP071878.1/5923892-5926770,0.44129999999999997,0.32504000000000005,rRNA
NZ_CP071878.1/5345364-5348243,0.42869999999999997,0.28985000000000005,rRNA
NC_019693.1/2201352-2201469,0.9432,0.41357000000000005,rRNA
NC_019693.1/3799265-3800754,0.4633,0.32674,rRNA
NC_019693.1/2196567-2198056,0.4633,0.32674,rRNA
NC_019693.1/7171546-7170056,0.49970000000000003,0.30052,rRNA
NC_019693.1/3799270-3800752,0.4633,0.32674,rRNA
NC_019693.1/2196572-2198054,0.4633,0.32674,rRNA
NC_019693.1/7171541-7170058,0.4943,0.29587,rRNA
NC_019693.1/3799270-3800749,0.4633,0.32674,rRNA
NC_019693.1/7171541-7170061,0.4943,0.29587,rRNA
NC_019693.1/2196572-2198051,0.4633,0.32674,rRNA
NC_019693.1/7169713-7166824,0.47909999999999997,0.34497,rRNA
NC_019693.1/3801302-3804191,0.47909999999999997,0.34497,rRNA
NC_019693.1/2198399-2201289,0.474,0.34227,rRNA
NC_019693.1/7169711-7166824,0.5912999999999999,0.36037,rRNA
NC_019693.1/3801304-3804191,0.5912999999999999,0.36037,rRNA
NC_019693.1/2198401-2201289,0.474,0.34227,rRNA
NC_019693.1/7169565-7166823,0.5912999999999999,0.35872,rRNA
NC_019693.1/3801450-3804192,0.5912999999999999,0.36037,rRNA
NC_019693.1/2198547-2201290,0.474,0.34062000000000003,rRNA
nameseq,fickett_score-ORF,fickett_score-full-sequence,label
AE006468.2/2068733-2068650,0.8741000000000001,0.36612,sRNA
AE006468.2/3117057-3116702,0.5709,0.41811,sRNA
AE006468.2/4209069-4209188,0.7523,0.40101,sRNA
AE006468.2/1444929-1444822,0.5057999999999999,0.36616000000000004,sRNA
AE006468.2/4342998-4342887,0.8346,0.43368000000000007,sRNA
AE006468.2/3715478-3715414,0.8220000000000001,0.37592,sRNA
AE006468.2/1352932-1352865,0.8973,0.29293,sRNA
AE006468.2/1275059-1275226,0.6747000000000001,0.36424,sRNA
AE006468.2/2966857-2966929,1.1121,0.41956,sRNA
AE006468.2/3170214-3170128,0.869,0.36363999999999996,sRNA
AE006468.2/3170414-3170330,1.1731,0.44841000000000003,sRNA
AE006468.2/3490390-3490494,0.7679,0.42765,sRNA
AE006468.2/3451446-3451613,0.8491,0.39193000000000006,sRNA
AE006468.2/4141660-4141867,0.8744000000000001,0.43065,sRNA
AE006468.2/2707847-2707662,0.6235999999999999,0.41352,sRNA
AE006468.2/4210168-4210422,0.42169999999999996,0.32896000000000003,sRNA
AE006468.2/1968046-1968190,0.5836,0.38091,sRNA
AE006468.2/942632-942554,0.622,0.33638,sRNA
AE006468.2/1968149-1968050,0.6798000000000001,0.35473000000000005,sRNA
AE006468.2/2231127-2231211,0.7676999999999999,0.42212,sRNA
AE006468.2/1450417-1450477,0.6243000000000001,0.29671000000000003,sRNA
AE006468.2/1745783-1745663,0.4469,0.33407,sRNA
AE006468.2/2674933-2675228,0.7469,0.34967000000000004,sRNA
AE006468.2/254182-254268,0.6772999999999999,0.38214000000000004,sRNA
AE006468.2/2707848-2707701,0.7600999999999999,0.42582,sRNA
AE006468.2/4141662-4141810,0.9751000000000001,0.46271,sRNA
AE006468.2/556007-556088,1.0,0.36875,sRNA
AE006468.2/728916-728756,0.6044999999999999,0.35088,sRNA
AE006468.2/1915257-1915169,0.7846,0.41507,sRNA
AE006468.2/2656256-2656165,0.6822000000000001,0.37434,sRNA
AE006468.2/1729667-1729732,1.2312999999999998,0.40786,sRNA
AE006468.2/339459-339587,1.1017,0.40866,sRNA
AE006468.2/1104182-1104269,0.6204999999999999,0.33787,sRNA
AE006468.2/1329217-1329334,0.6483,0.43215,sRNA
AE006468.2/1345778-1345728,0.9168000000000001,0.41914999999999997,sRNA
AE006468.2/1630153-1629864,0.7117,0.45447,sRNA
AE006468.2/1137490-1137212,1.2958,0.38383,sRNA
AE006468.2/2736073-2736351,1.2958,0.38383,sRNA
AE006468.2/1000099-999821,1.2958,0.38383,sRNA
AE006468.2/2344731-2345012,1.276,0.41154999999999997,sRNA
AE006468.2/2394581-2394302,0.4468,0.31004000000000004,sRNA
AE006468.2/1177433-1177531,1.0035,0.43819,sRNA
AE006468.2/2761464-2761367,1.0483,0.47443,sRNA
AE006468.2/2762034-2761960,1.0242,0.4348,sRNA
AE006468.2/2762870-2762794,0.6051,0.37903,sRNA
AE006468.2/2839403-2839059,0.8846999999999999,0.3771,sRNA
AE006468.2/2906929-2907071,0.9765,0.43152,sRNA
AE006468.2/3198386-3198586,1.0310000000000001,0.41962000000000005,sRNA
AE006468.2/4306732-4306879,0.9524,0.46669,sRNA
AE006468.2/4763015-4763176,0.6466,0.42379,sRNA
AE006468.2/2077172-2077266,0.9281,0.41185,sRNA
AE006468.2/1325904-1325639,0.8299000000000001,0.43695,sRNA
AE006468.2/3194991-3194927,0.7479999999999999,0.42752,sRNA
AE006468.2/4559209-4559284,0.9297000000000001,0.40556000000000003,sRNA
AE006468.2/1025036-1025159,0.7667,0.45409,sRNA
AE006468.2/1216146-1216429,0.5275,0.30739,sRNA
AE006468.2/1593850-1594070,0.48229999999999995,0.34505,sRNA
AE006468.2/4505026-4504886,1.0451000000000001,0.33078,sRNA
AE006468.2/2596881-2596788,0.9706000000000001,0.41724999999999995,sRNA
AE006468.2/1750046-1749929,0.9566,0.46736,sRNA
AE006468.2/505472-505376,0.5334,0.35926,sRNA
AE006468.2/176236-176124,0.4097,0.32757000000000003,sRNA
AE006468.2/13520-13594,0.5791,0.40880999999999995,sRNA
AE006468.2/58792-58923,1.1218,0.44115000000000004,sRNA
AE006468.2/4758350-4758205,0.8595,0.40906,sRNA
AE006468.2/94548-94770,0.5425,0.35121,sRNA
AE006468.2/4645149-4645094,0.768,0.44998,sRNA
AE006468.2/4532489-4532654,0.8536000000000001,0.41939,sRNA
AE006468.2/4442074-4441913,0.7711000000000001,0.39307000000000003,sRNA
AE006468.2/4251552-4251493,0.7807,0.40271,sRNA
AE006468.2/3885748-3885641,0.5608,0.34722,sRNA
AE006468.2/3902665-3902606,0.46259999999999996,0.33443,sRNA
AE006468.2/161464-161531,0.9529000000000001,0.44034999999999996,sRNA
AE006468.2/182539-182458,0.6517,0.38359999999999994,sRNA
AE006468.2/4072520-4072677,0.7148,0.39277999999999996,sRNA
AE006468.2/3780266-3780414,0.7375,0.38765000000000005,sRNA
AE006468.2/3761452-3761385,0.8078000000000001,0.40125999999999995,sRNA
AE006468.2/3839700-3839770,0.9996,0.3785,sRNA
AE006468.2/3635892-3635764,0.7487,0.41815,sRNA
AE006468.2/3404902-3404956,0.7237,0.34449,sRNA
AE006468.2/3393334-3393274,0.6583,0.34317,sRNA
AE006468.2/587851-587922,1.1796,0.44011000000000006,sRNA
AE006468.2/670160-670308,0.6525000000000001,0.43760999999999994,sRNA
AE006468.2/3283972-3283814,0.7189,0.33587,sRNA
AE006468.2/3179546-3179628,0.6631,0.39074,sRNA
AE006468.2/3010814-3010973,0.7925000000000001,0.43634,sRNA
AE006468.2/2966077-2966251,0.4512,0.36423,sRNA
AE006468.2/2147406-2147330,0.8376,0.46644,sRNA
AE006468.2/2115367-2115449,0.8555,0.37246,sRNA
AE006468.2/975014-975227,0.8088000000000001,0.36336,sRNA
AE006468.2/976551-976769,0.5987,0.39092,sRNA
AE006468.2/1333455-1333646,0.4165,0.32694999999999996,sRNA
AE006468.2/975428-975550,0.8663,0.44668,sRNA
AE006468.2/2079065-2078987,0.38759999999999994,0.35244,sRNA
AE006468.2/2032401-2032577,0.8553000000000001,0.42363999999999996,sRNA
AE006468.2/1807770-1807559,0.9098,0.43030999999999997,sRNA
AE006468.2/1606109-1605777,0.5875999999999999,0.38477999999999996,sRNA
AE006468.2/1508937-1509324,0.8111,0.42073,sRNA
AE006468.2/1419360-1419561,0.694,0.43808,sRNA
AE006468.2/1045235-1045101,0.7349000000000001,0.33873,sRNA
AE006468.2/1331430-1332240,0.4212,0.31633999999999995,sRNA
AE006468.2/3682721-3682613,0.6654,0.31703000000000003,sRNA
AE006468.2/3682845-3682727,0.8489,0.45391000000000004,sRNA
AE006468.2/4692474-4692549,1.163,0.43043999999999993,sRNA
AE006468.2/92138-92056,1.1289,0.41628,sRNA
AE006468.2/3682926-3682849,1.2574,0.46083,sRNA
AE006468.2/638853-638996,0.8372999999999999,0.42695,sRNA
AE006468.2/2001250-2000943,1.0705,0.43499000000000004,sRNA
AE006468.2/1230515-1230422,1.0532000000000001,0.40447,sRNA
AE006468.2/4217208-4217315,0.5559,0.33203,sRNA
AE006468.2/4178423-4178674,1.1428,0.42617999999999995,sRNA
AE006468.2/2905054-2905382,0.6001,0.39406,sRNA
AE006468.2/2804811-2804673,0.5659,0.37585999999999997,sRNA
AE006468.2/155602-155691,0.9516,0.42001,sRNA
AE006468.2/255108-255217,0.8693,0.41453999999999996,sRNA
AE006468.2/2427413-2427506,1.0067,0.45255,sRNA
AE006468.2/2085213-2085341,0.708,0.37452,sRNA
AE006468.2/2900235-2900363,0.6576000000000001,0.38776,sRNA
AL123456.3/918365-918432,1.2993000000000001,0.40614999999999996,sRNA
AL123456.3/1222344-1222277,1.2882,0.38364000000000004,sRNA
AL123456.3/704187-704247,0.8380000000000001,0.35425999999999996,sRNA
AL123456.3/293604-293661,0.7160000000000001,0.31988,sRNA
AL123456.3/1413210-1413102,0.7635,0.37918,sRNA
AL123456.3/3439753-3439709,0.7424,0.32176000000000005,sRNA
AL123456.3/2098417-2098123,1.3130000000000002,0.416,sRNA
AL123456.3/4100684-4100985,0.4861,0.31984999999999997,sRNA
AL123456.3/2692172-2692520,0.6538,0.38723,sRNA
AL123456.3/2980911-2981082,0.47409999999999997,0.33403,sRNA
AL123456.3/2152648-2152437,0.8827,0.44434999999999997,sRNA
NC_005042.1/1298860-1298929,0.6404,0.39417,sRNA
NC_005042.1/556707-556643,0.44,0.26859000000000005,sRNA
NZ_CP072646.1/2454700-2454655,0.6919,0.37704000000000004,sRNA
NZ_CP072646.1/1259459-1259504,0.7473,0.41994000000000004,sRNA
NZ_CP072646.1/1259581-1259536,0.615,0.37434,sRNA
NZ_CP072646.1/2349607-2349652,0.7235999999999999,0.36448,sRNA
NZ_CP072646.1/1257991-1258036,0.7368,0.38025,sRNA
NZ_CP072646.1/223485-223530,0.7037999999999999,0.3686499999999999,sRNA
NZ_CP072646.1/2467608-2467563,0.8187000000000001,0.39958,sRNA
NZ_CP072646.1/230495-230540,0.5682999999999999,0.34318,sRNA
NZ_CP072646.1/224062-224107,0.8356,0.40397,sRNA
NZ_CP072646.1/2454524-2454479,0.9116,0.38012999999999997,sRNA
NZ_CP072646.1/2349938-2349893,0.8342999999999999,0.40426999999999996,sRNA
NZ_CP072646.1/2453489-2453534,0.7492,0.35497,sRNA
NZ_CP072646.1/456485-456530,0.7645,0.36463,sRNA
NZ_CP072646.1/232805-232759,0.585,0.31535,sRNA
NZ_CP072646.1/457149-457104,0.6519,0.32185,sRNA
NZ_CP072646.1/1258728-1258683,0.6788000000000001,0.34691,sRNA
NZ_CP072646.1/1258264-1258219,0.7065000000000001,0.34934,sRNA
NZ_CP072646.1/1259069-1259115,0.8688,0.44537,sRNA
NZ_CP072646.1/2446203-2446248,0.6605000000000001,0.3561,sRNA
NZ_CP072646.1/223316-223361,0.574,0.31841,sRNA
NC_018014.1/4389728-4389772,0.9455000000000001,0.31575,sRNA
NC_018014.1/1064714-1064758,0.769,0.2569,sRNA
NC_018014.1/4464724-4464680,0.9128,0.34521999999999997,sRNA
NC_018014.1/1601073-1601029,0.8534,0.35545,sRNA
NZ_CP073100.1/3154874-3154829,0.8373,0.39929,sRNA
NZ_CP073100.1/923433-923478,0.9441,0.3866,sRNA
NZ_CP073100.1/2340461-2340416,0.7632,0.33216999999999997,sRNA
NZ_CP073100.1/2848045-2848000,0.6697000000000001,0.25885,sRNA
NZ_CP073100.1/5061316-5061271,0.7075,0.27589,sRNA
NZ_CP073100.1/2328700-2328655,0.8938,0.33662,sRNA
NZ_CP073100.1/2328869-2328914,0.7096,0.25825,sRNA
NZ_CP073100.1/2391687-2391732,0.6823000000000001,0.27094,sRNA
NZ_CP073100.1/2408368-2408413,0.7199999999999999,0.31048,sRNA
NZ_CP073100.1/2406876-2406831,0.8560000000000001,0.32825,sRNA
NZ_CP073100.1/2391888-2391843,1.1484,0.36064,sRNA
NZ_CP073100.1/5061486-5061531,1.1335,0.42418,sRNA
NZ_CP073100.1/3154994-3155039,1.032,0.40248999999999996,sRNA
NZ_CP073100.1/2385670-2385714,0.7330000000000001,0.27832,sRNA
NZ_CP073100.1/2340099-2340054,0.7191000000000001,0.36893000000000004,sRNA
NZ_CP073100.1/2340268-2340313,0.7849,0.38378999999999996,sRNA
NZ_CP073100.1/2848216-2848261,0.8560000000000001,0.32825,sRNA
NZ_CP073100.1/3517784-3517739,0.9640000000000002,0.33,sRNA
NZ_CP073100.1/2407254-2407209,0.493,0.24388,sRNA
NZ_CP073100.1/2744629-2744584,0.6688000000000001,0.31729999999999997,sRNA
NZ_CP073100.1/2407541-2407496,0.9400000000000001,0.34420999999999996,sRNA
NZ_CP073100.1/2406979-2407024,0.7737,0.37483999999999995,sRNA
NZ_CP073100.1/927689-927734,0.9346000000000001,0.35516,sRNA
NZ_CP073100.1/1770313-1770358,1.014,0.38575,sRNA
NZ_CP073100.1/2098396-2098351,0.9271,0.36522000000000004,sRNA
NZ_CP073100.1/2371825-2371870,0.7849,0.38378999999999996,sRNA
NZ_CP073100.1/4378190-4378325,0.8505,0.42743,sRNA
NZ_CP073100.1/4377580-4377699,1.0974,0.44935,sRNA
CP035288.1/697688-697832,0.3982,0.33511,sRNA
CP035288.1/2215713-2215577,0.5245,0.32753,sRNA
CP035288.1/2156767-2156953,0.8842,0.46143,sRNA
CP035288.1/1895408-1895311,0.8132,0.42688,sRNA
CP035288.1/2022733-2022610,1.0112,0.42445,sRNA
CP035288.1/370325-370428,0.8052000000000001,0.3883,sRNA
CP035288.1/1810002-1810129,0.6379,0.28729,sRNA
CP035288.1/912648-912438,0.6048,0.34979000000000005,sRNA
CP035288.1/720839-721135,1.085,0.40758000000000005,sRNA
CP035288.1/102173-102398,0.6005999999999999,0.42892,sRNA
CP035288.1/1033497-1033274,0.5641999999999999,0.41996,sRNA
CP035288.1/1776837-1777062,0.5952,0.40117,sRNA
CP035288.1/1076868-1076645,0.6022,0.37786,sRNA
CP035288.1/440352-440128,0.5461999999999999,0.40322,sRNA
CP035288.1/2086294-2086524,0.612,0.39921,sRNA
CP035288.1/592649-592872,0.5653999999999999,0.39655,sRNA
CP035288.1/1938575-1938795,0.3386,0.28264,sRNA
CP035288.1/1157312-1157534,0.6546,0.37011,sRNA
CP035288.1/598869-599090,0.5825999999999999,0.40570000000000006,sRNA
CP035288.1/1229366-1229589,0.6022,0.40096,sRNA
CP035288.1/2217566-2217344,0.598,0.39893,sRNA
CP035288.1/1839698-1839474,0.5796,0.39549,sRNA
CP035288.1/495464-495684,0.5199,0.40922,sRNA
CP035288.1/2223335-2223559,0.6644,0.37170000000000003,sRNA
CP035288.1/2096606-2096382,0.6125999999999999,0.38281,sRNA
CP035288.1/2072141-2071922,0.4662,0.37370000000000003,sRNA
CP035288.1/682080-681856,0.5587,0.393,sRNA
CP035288.1/326050-325830,0.5379,0.35207,sRNA
CP035288.1/964285-964513,0.5145,0.37532,sRNA
CP035288.1/1523780-1523556,0.5306,0.36678,sRNA
CP035288.1/270415-270188,0.4299,0.36216,sRNA
CP035288.1/1038491-1038687,0.8257000000000001,0.42218,sRNA
CP035288.1/1989592-1989820,0.5591999999999999,0.36864,sRNA
CP035288.1/1466471-1466292,0.5540999999999999,0.37951,sRNA
CP035288.1/842157-842226,1.056,0.45025,sRNA
CP035288.1/503374-503109,0.46729999999999994,0.34679,sRNA
CP035288.1/2191667-2191912,0.452,0.33404,sRNA
CP035288.1/646845-647065,0.49439999999999995,0.40902000000000005,sRNA
CP035288.1/476480-476240,0.9668000000000001,0.38851,sRNA
CP035288.1/1004501-1004288,0.783,0.40658,sRNA
CP035288.1/1208798-1208584,0.7116999999999999,0.40566,sRNA
CP035288.1/1457183-1457009,0.881,0.33158,sRNA
CP035288.1/1061287-1061381,0.4647,0.28581,sRNA
CP035288.1/2412698-2412800,0.6527,0.33369,sRNA
NC_007795.1/2212296-2212116,0.9006000000000001,0.42580999999999997,sRNA
NC_007795.1/2037797-2037618,0.9831000000000001,0.47811,sRNA
NC_007795.1/942148-942330,0.8674,0.45805,sRNA
NC_007795.1/2377462-2377319,0.6436,0.35212,sRNA
NC_007795.1/575845-575983,0.5147999999999999,0.36444,sRNA
NC_007795.1/1750160-1750217,1.1512,0.35866000000000003,sRNA
NC_007795.1/623780-623341,0.6154000000000001,0.40592,sRNA
NC_007795.1/639887-639711,0.9704,0.41134000000000004,sRNA
NC_007795.1/911380-911477,0.5907,0.38863999999999993,sRNA
NC_007795.1/774294-774417,0.6716,0.43584999999999996,sRNA
NC_007795.1/2498109-2498395,0.38939999999999997,0.32472,sRNA
NC_007795.1/2033763-2033622,0.8435,0.39419,sRNA
NC_007795.1/911443-911561,0.6356999999999999,0.34792,sRNA
NC_007795.1/2720570-2720467,0.597,0.29996,sRNA
NC_007795.1/2556335-2556409,0.8061,0.41591,sRNA
NC_007795.1/1219192-1219282,0.8103,0.40645,sRNA
NC_007795.1/2304098-2304035,0.6526,0.38327,sRNA
NC_007795.1/2302993-2303058,1.0926,0.40381999999999996,sRNA
NC_007795.1/412673-412518,0.9832000000000001,0.38742,sRNA
NC_007795.1/160579-160770,0.7410000000000001,0.38873,sRNA
NC_007795.1/995360-995233,0.6944000000000001,0.28513,sRNA
NC_007795.1/384255-384158,0.6222000000000001,0.36429,sRNA
NC_007795.1/707832-707753,1.0545,0.37029,sRNA
NC_007795.1/1771670-1771728,0.8676,0.36372,sRNA
NC_007795.1/1897320-1897263,0.9135,0.36604000000000003,sRNA
NC_007795.1/361999-361904,0.5264,0.34642,sRNA
NC_007795.1/2627630-2627682,0.8288000000000001,0.43817,sRNA
NC_007795.1/2111497-2111701,0.5898,0.33561,sRNA
NC_007795.1/2353438-2353136,1.1112,0.43205,sRNA
NC_007795.1/1349540-1349777,0.6757,0.46731,sRNA
NC_007795.1/2018387-2018624,0.8083,0.46831,sRNA
NC_007795.1/1707362-1707599,0.8182,0.43066000000000004,sRNA
NC_007795.1/1796117-1796354,0.8459,0.45219,sRNA
NC_007795.1/2264400-2264163,0.8795000000000001,0.44192,sRNA
NC_007795.1/264462-264241,0.7076,0.41121,sRNA
NC_007795.1/2378563-2378343,0.9685,0.44779,sRNA
NC_007795.1/1813869-1813649,0.8855,0.43477000000000005,sRNA
NC_007795.1/2425588-2425237,0.7019,0.43697,sRNA
NC_007795.1/1111237-1111469,0.4285,0.36884000000000006,sRNA
NC_007795.1/1332964-1332632,0.8735999999999999,0.44882,sRNA
NC_007795.1/1362885-1363065,0.8053,0.37227,sRNA
NC_007795.1/2191957-2191888,0.6999,0.46783,sRNA
NC_007795.1/2284707-2284857,0.6521000000000001,0.40319,sRNA
NC_007795.1/2357447-2357363,0.6047,0.36117,sRNA
NC_007795.1/2362802-2363233,0.4998,0.37885,sRNA
NC_007795.1/2035378-2035228,0.6247,0.34212000000000004,sRNA
NC_007795.1/1464207-1464058,0.5945,0.35576,sRNA
NC_007795.1/612035-611840,0.5435,0.32928999999999997,sRNA
NC_007795.1/1861587-1861438,0.9611000000000001,0.42446,sRNA
NC_007795.1/115518-115250,0.3984,0.33331,sRNA
NC_007795.1/811496-811762,0.6339000000000001,0.43111,sRNA
NC_007795.1/1003943-1004207,0.40409999999999996,0.35155000000000003,sRNA
NC_007795.1/1286873-1286546,0.6373999999999999,0.40532999999999997,sRNA
NC_007795.1/1375111-1375435,0.6359999999999999,0.39161,sRNA
NC_007795.1/1978225-1978497,0.5082,0.40710999999999997,sRNA
NC_007795.1/768510-768739,0.5514,0.37507,sRNA
NC_007795.1/720036-720259,0.38630000000000003,0.36845,sRNA
NC_007795.1/1078711-1078440,0.5636,0.4004,sRNA
NC_007795.1/604007-603788,0.5453,0.39737,sRNA
NC_007795.1/1597626-1597871,0.7548,0.37096,sRNA
NC_007795.1/1987581-1987902,0.5653000000000001,0.41623,sRNA
NC_007795.1/775617-775829,0.6494,0.41101,sRNA
NC_007795.1/2527781-2527459,0.5880000000000001,0.37997000000000003,sRNA
NC_007795.1/1976776-1977096,0.6297,0.40751000000000004,sRNA
NC_007795.1/2335608-2335931,0.7156,0.39509,sRNA
NC_007795.1/258700-258502,0.7835,0.40524000000000004,sRNA
NC_007795.1/762790-762974,0.38029999999999997,0.28735,sRNA
NC_007795.1/2778702-2778969,0.5402999999999999,0.36908,sRNA
NC_007795.1/860677-860400,0.5794999999999999,0.35748,sRNA
NC_007795.1/978080-978248,0.38649999999999995,0.33796000000000004,sRNA
NC_007795.1/2815174-2815344,0.3759,0.31337000000000004,sRNA
NC_007795.1/1074526-1074302,0.6846000000000001,0.34346,sRNA
NC_007795.1/2502218-2502414,0.6116,0.39809,sRNA
NC_007795.1/1291033-1291257,0.8637,0.43582,sRNA
NC_007795.1/337027-336774,1.0761,0.46642000000000006,sRNA
NC_007795.1/1074779-1074586,0.8341000000000001,0.4612,sRNA
NC_007795.1/1776700-1776486,0.8393,0.40374,sRNA
NC_007795.1/2613332-2613645,0.6387999999999999,0.3919,sRNA
NC_007795.1/1776982-1776820,0.4005,0.35812,sRNA
NC_007795.1/1631592-1631756,0.8073,0.49479000000000006,sRNA
NC_007795.1/1364078-1364252,0.8873000000000001,0.41419,sRNA
NC_007795.1/1865129-1865035,0.6124999999999999,0.32784,sRNA
NC_007795.1/1925082-1924828,0.7356,0.44764,sRNA
NC_007795.1/367226-367123,0.5929,0.33482,sRNA
U00096.3/2025313-2025227,0.6702000000000001,0.41348,sRNA
U00096.3/2924515-2924156,0.507,0.35172000000000003,sRNA
U00096.3/4049889-4050007,0.6492,0.38014,sRNA
U00096.3/1770372-1770479,0.6127999999999999,0.38261999999999996,sRNA
U00096.3/4158394-4158285,0.9909000000000001,0.41352999999999995,sRNA
U00096.3/3580987-3580923,0.7168,0.3564,sRNA
U00096.3/1146589-1146757,0.8306,0.46399,sRNA
U00096.3/2814802-2814873,0.8862000000000001,0.45302,sRNA
U00096.3/2976189-2976102,1.0702,0.39971999999999996,sRNA
U00096.3/2976385-2976304,0.9535,0.47559,sRNA
U00096.3/3350577-3350684,1.2508000000000001,0.438,sRNA
U00096.3/3311227-3311398,0.6010999999999999,0.38880000000000003,sRNA
U00096.3/3986432-3986638,0.9367000000000001,0.45596000000000003,sRNA
U00096.3/2691339-2691155,0.6438999999999999,0.40306,sRNA
U00096.3/4051036-4051289,0.7166,0.45571,sRNA
U00096.3/1923100-1923244,0.6554,0.36453,sRNA
U00096.3/888054-887976,0.6862,0.38691000000000003,sRNA
U00096.3/1923203-1923104,0.7692000000000001,0.36864,sRNA
U00096.3/2167112-2167197,0.9062,0.44742,sRNA
U00096.3/1405751-1405656,0.8027000000000001,0.44379,sRNA
U00096.3/1972739-1972816,0.5701999999999999,0.42108,sRNA
U00096.3/3121358-3121579,0.8017000000000001,0.48245999999999994,sRNA
U00096.3/1764768-1764708,0.643,0.30708,sRNA
U00096.3/1230629-1230707,0.7675000000000001,0.44204,sRNA
U00096.3/1437118-1437238,0.8457000000000001,0.43554,sRNA
U00096.3/3664861-3664974,0.6625,0.34945000000000004,sRNA
U00096.3/2071315-2071518,0.5925,0.36838,sRNA
U00096.3/2653515-2653723,0.5920000000000001,0.40242000000000006,sRNA
U00096.3/2653855-2654158,0.9284000000000001,0.37853000000000003,sRNA
U00096.3/2691340-2691193,0.8586999999999999,0.47676,sRNA
U00096.3/3986434-3986582,1.0695000000000001,0.40177,sRNA
U00096.3/507204-507287,0.6107,0.38944,sRNA
U00096.3/686843-686681,1.0373,0.46242999999999995,sRNA
U00096.3/1888102-1888017,0.9468000000000001,0.40259999999999996,sRNA
U00096.3/2640686-2640595,0.6646,0.42147,sRNA
U00096.3/4190487-4190327,0.7166,0.37904,sRNA
U00096.3/1491506-1491443,0.8801,0.38085,sRNA
U00096.3/2033649-2033738,0.7346000000000001,0.36178,sRNA
U00096.3/1622948-1622735,0.5562,0.35223,sRNA
U00096.3/4278066-4277926,1.0006,0.4628,sRNA
U00096.3/1409129-1409246,1.1915,0.46548,sRNA
U00096.3/458816-458721,0.6763,0.39943,sRNA
U00096.3/123014-122901,0.8148,0.45203,sRNA
U00096.3/14090-14167,0.8034000000000001,0.40962000000000004,sRNA
U00096.3/4441334-4441277,0.7493,0.37533,sRNA
U00096.3/4332047-4332212,0.7386,0.36774999999999997,sRNA
U00096.3/4235709-4235560,0.5769,0.34251,sRNA
U00096.3/110960-111029,0.8913,0.42400000000000004,sRNA
U00096.3/3915284-3915441,0.9965999999999999,0.47298,sRNA
U00096.3/4060215-4060283,0.7354,0.43413999999999997,sRNA
U00096.3/543188-543254,0.9523000000000001,0.43244,sRNA
U00096.3/638707-638800,0.8531000000000001,0.35407,sRNA
U00096.3/2087283-2087209,0.7899,0.39608,sRNA
U00096.3/1335499-1335701,1.0783,0.46148999999999996,sRNA
U00096.3/1737843-1737453,0.4482,0.36508,sRNA
U00096.3/1795311-1795153,0.7035999999999999,0.39954999999999996,sRNA
U00096.3/940868-940734,0.6873,0.34367,sRNA
U00096.3/4326081-4326005,1.3310000000000002,0.39182,sRNA
U00096.3/4325981-4325905,1.3112000000000001,0.41954,sRNA
U00096.3/4326181-4326105,1.1469,0.41531,sRNA
U00096.3/4325881-4325805,1.2590000000000001,0.38172999999999996,sRNA
U00096.3/4326381-4326305,1.3094000000000001,0.39259,sRNA
U00096.3/216058-216134,1.1309,0.43785,sRNA
U00096.3/2592981-2593057,1.1802,0.4506,sRNA
U00096.3/3139624-3139700,1.2141,0.44634,sRNA
U00096.3/4027473-4027550,0.6531999999999999,0.29869999999999997,sRNA
U00096.3/508686-508763,0.8199000000000001,0.42835,sRNA
U00096.3/758482-758412,1.1952,0.4274,sRNA
U00096.3/2236680-2236603,0.5275,0.37385,sRNA
U00096.3/375263-375186,0.808,0.41638,sRNA
U00096.3/4457188-4457265,0.7832,0.37834,sRNA
U00096.3/4218439-4218516,0.9923,0.44845999999999997,sRNA
U00096.3/375162-375085,0.8433999999999999,0.39335000000000003,sRNA
U00096.3/4249324-4249394,1.2967000000000002,0.4237,sRNA
U00096.3/4285305-4285375,1.2313,0.44933,sRNA
U00096.3/2316913-2316837,1.3082,0.41502,sRNA
U00096.3/4614563-4614641,0.9913000000000001,0.42379,sRNA
U00096.3/4027375-4027452,0.7375999999999999,0.35866,sRNA
U00096.3/508585-508662,0.9988000000000001,0.45396000000000003,sRNA
U00096.3/411134-411213,1.3029000000000002,0.41345,sRNA
U00096.3/377391-377468,0.8526,0.39198,sRNA
U00096.3/4235424-4235494,1.2317,0.39866,sRNA
U00096.3/375061-374984,0.8329,0.4049,sRNA
U00096.3/3203265-3203195,1.3258,0.43773,sRNA
U00096.3/4103587-4103510,1.0181,0.45334,sRNA
U00096.3/111549-111626,0.7724,0.43061,sRNA
U00096.3/837658-837588,1.2635,0.42166,sRNA
U00096.3/339880-339811,1.0354,0.41331999999999997,sRNA
U00096.3/111433-111509,1.3102,0.41313000000000005,sRNA
U00096.3/2317027-2316951,1.2769000000000001,0.41317,sRNA
U00096.3/4614462-4614540,0.9122,0.45889,sRNA
U00096.3/3392198-3392129,1.0068000000000001,0.42784,sRNA
U00096.3/4296024-4296094,1.3102,0.41313000000000005,sRNA
U00096.3/4094319-4094389,1.2245,0.42759,sRNA
U00096.3/248203-248280,1.0239,0.43794999999999995,sRNA
U00096.3/4614361-4614439,0.9518000000000001,0.44401,sRNA
U00096.3/4094503-4094573,1.0106000000000002,0.46484999999999993,sRNA
U00096.3/2347277-2347207,1.1049,0.41081,sRNA
U00096.3/2304646-2304729,0.4811,0.31948,sRNA
U00096.3/3392289-3392220,0.882,0.43094,sRNA
U00096.3/900752-900832,1.2652,0.46009,sRNA
U00096.3/4614260-4614338,1.0142,0.42721,sRNA
U00096.3/4053533-4053610,1.0119,0.36840999999999996,sRNA
U00096.3/3042395-3042472,0.8842000000000001,0.36157999999999996,sRNA
U00096.3/501447-501524,0.9247,0.43072,sRNA
U00096.3/2304759-2304842,0.5965,0.34894000000000003,sRNA
U00096.3/244132-244209,1.0664,0.43648999999999993,sRNA
U00096.3/247461-247538,0.7616,0.41336,sRNA
U00096.3/2118524-2118594,1.2811000000000001,0.42066,sRNA
U00096.3/3231382-3231301,1.0170000000000001,0.33546999999999993,sRNA
U00096.3/339973-339904,0.9657,0.40295000000000003,sRNA
U00096.3/2662430-2662359,1.0166,0.41022,sRNA
U00096.3/2808134-2808211,1.2189,0.44305999999999995,sRNA
U00096.3/2568269-2568188,1.0533000000000001,0.37407999999999997,sRNA
U00096.3/354690-354766,1.3029000000000002,0.41345,sRNA
U00096.3/4295911-4295981,1.2968000000000002,0.41758999999999996,sRNA
U00096.3/3392380-3392311,0.6233,0.35856,sRNA
U00096.3/4450947-4451025,1.2374,0.39161,sRNA
U00096.3/4094411-4094481,1.1153000000000002,0.46265999999999996,sRNA
U00096.3/1062488-1062410,0.8478,0.38121,sRNA
U00096.3/4323249-4323329,0.7474000000000001,0.35568999999999995,sRNA
U00096.3/3708275-3708354,1.195,0.43009000000000003,sRNA
U00096.3/3313325-3313255,1.0637,0.39333,sRNA
U00096.3/4245095-4245165,1.2708000000000002,0.42130999999999996,sRNA
U00096.3/3231482-3231401,0.8636,0.33836,sRNA
U00096.3/4628698-4628776,1.0403,0.43744000000000005,sRNA
U00096.3/2177481-2177411,1.3124,0.40913000000000005,sRNA
U00096.3/4296363-4296431,1.0321,0.42886,sRNA
U00096.3/2304420-2304503,0.7990999999999999,0.33034,sRNA
U00096.3/349752-349823,0.8452999999999999,0.37762999999999997,sRNA
U00096.3/375362-375287,1.1448,0.42604,sRNA
U00096.3/2304985-2305067,0.5905,0.31190999999999997,sRNA
U00096.3/3150740-3150670,0.9638,0.43402999999999997,sRNA
U00096.3/3098534-3098464,1.2378,0.45730000000000004,sRNA
U00096.3/805859-805929,1.1346,0.4267,sRNA
U00096.3/66675-66610,0.8955000000000001,0.44981,sRNA
U00096.3/762854-762925,0.8991,0.41284999999999994,sRNA
U00096.3/1958748-1958441,0.9382,0.39156,sRNA
U00096.3/1413556-1413734,0.7431,0.38068,sRNA
U00096.3/29551-29603,0.8176,0.36003,sRNA
U00096.3/740988-741030,0.6798,0.35821000000000003,sRNA
U00096.3/3705997-3706039,0.6625000000000001,0.39771,sRNA
U00096.3/1816219-1816261,0.7078,0.38266,sRNA
U00096.3/984395-984437,0.8632000000000001,0.43715000000000004,sRNA
U00096.3/2714346-2714304,0.7029,0.39946,sRNA
U00096.3/4108633-4108592,0.5418000000000001,0.3759,sRNA
U00096.3/1113480-1113438,0.7999,0.40128,sRNA
U00096.3/3070037-3070079,0.749,0.37584,sRNA
U00096.3/2945959-2945917,0.9198,0.40378000000000003,sRNA
U00096.3/3741027-3740985,0.8224,0.42472,sRNA
U00096.3/1954463-1954505,0.7117,0.41081999999999996,sRNA
U00096.3/3877620-3877662,0.5828,0.38644,sRNA
U00096.3/815647-815606,0.8008000000000001,0.40674999999999994,sRNA
U00096.3/832352-832310,0.6606,0.37336,sRNA
U00096.3/2002004-2002045,1.1016000000000001,0.37668,sRNA
U00096.3/1823365-1823407,0.6574,0.3622,sRNA
U00096.3/899730-899772,0.7321000000000001,0.43456,sRNA
U00096.3/3639245-3639285,0.6909000000000001,0.39704,sRNA
U00096.3/857679-857637,0.804,0.45609,sRNA
U00096.3/699459-699501,0.7214,0.34994000000000003,sRNA
U00096.3/2538569-2538611,0.793,0.40811000000000003,sRNA
U00096.3/610179-610138,0.5735000000000001,0.2826,sRNA
U00096.3/4127986-4128027,0.5183,0.29917,sRNA
U00096.3/4441456-4441414,0.711,0.39154,sRNA
U00096.3/5635-5593,0.6234,0.34244,sRNA
U00096.3/1068417-1068375,0.5166,0.3845,sRNA
U00096.3/543120-543162,0.8376,0.43463000000000007,sRNA
U00096.3/1103343-1103252,1.0079,0.40376,sRNA
U00096.3/3156521-3156584,0.7401,0.37307,sRNA
U00096.3/3659011-3659082,1.1611,0.45516,sRNA
U00096.3/4058218-4058325,0.5257,0.30948,sRNA
U00096.3/4436566-4436688,0.8896999999999999,0.43371,sRNA
U00096.3/4019978-4020229,1.0724,0.42744,sRNA
U00096.3/2734292-2734154,0.6140000000000001,0.41498999999999997,sRNA
U00096.3/105224-105313,0.8944000000000001,0.39946,sRNA
U00096.3/190685-190794,0.8172999999999999,0.32947,sRNA
NZ_CP072647.1/651655-651733,0.9530000000000001,0.31072,sRNA
NC_019693.1/878317-878253,0.9569,0.39405,sRNA
NC_019693.1/5357439-5357371,0.7099,0.35226999999999997,sRNA
NC_019693.1/6963540-6963591,0.9268000000000001,0.45269000000000004,sRNA
NC_019693.1/5592783-5592838,0.6679,0.31081,sRNA
NC_019693.1/5593548-5593600,0.8677,0.35572,sRNA
NC_019693.1/6991495-6991545,0.8542,0.3732,sRNA
NC_019693.1/915780-915831,0.6021000000000001,0.35353,sRNA
NC_019693.1/1880758-1880809,0.8776000000000002,0.35835,sRNA
NC_019693.1/3940610-3940320,1.034,0.4328,sRNA
nameseq,fickett_score-ORF,fickett_score-full-sequence,label
AE006468.2/1271909-1271572,0.4997,0.35026,Cis-reg
AE006468.2/3358815-3358617,0.8388,0.40312,Cis-reg
AE006468.2/2241971-2241875,1.0550000000000002,0.42995,Cis-reg
AE006468.2/126801-126702,0.8838,0.49205,Cis-reg
AE006468.2/3451959-3451844,0.6069,0.40684,Cis-reg
AE006468.2/3585818-3585707,0.44939999999999997,0.38337,Cis-reg
AE006468.2/2114070-2113896,0.6859000000000001,0.39291,Cis-reg
AE006468.2/4347864-4348056,0.9246,0.42991999999999997,Cis-reg
AE006468.2/542171-542235,0.6810999999999999,0.38534,Cis-reg
AE006468.2/1853503-1853633,0.5283,0.37632,Cis-reg
AE006468.2/1853328-1853459,0.8977,0.43352999999999997,Cis-reg
AE006468.2/1853154-1853284,0.5349999999999999,0.376,Cis-reg
AE006468.2/1852980-1853110,0.4863,0.36417,Cis-reg
AE006468.2/1852692-1852817,0.8885,0.3679,Cis-reg
AE006468.2/3820385-3820252,0.8593,0.37995,Cis-reg
AE006468.2/819199-819367,0.5651999999999999,0.38541,Cis-reg
AE006468.2/819507-819632,1.1433,0.43622999999999995,Cis-reg
AE006468.2/818788-818953,0.6318000000000001,0.41996,Cis-reg
AE006468.2/1224682-1224547,0.5795000000000001,0.37454999999999994,Cis-reg
AE006468.2/1224314-1224179,0.7088,0.39239,Cis-reg
AE006468.2/819817-819941,0.935,0.46582999999999997,Cis-reg
AE006468.2/191-311,1.0482,0.45289,Cis-reg
AE006468.2/133926-133779,0.9868999999999999,0.42898000000000003,Cis-reg
AE006468.2/1818426-1818521,0.9776,0.42791,Cis-reg
AE006468.2/2149441-2149564,0.8924,0.36787000000000003,Cis-reg
AE006468.2/2725665-2725454,0.8331,0.41153,Cis-reg
AE006468.2/870509-870653,0.6474999999999999,0.37992000000000004,Cis-reg
AE006468.2/4699497-4699609,0.8994,0.44528,Cis-reg
AE006468.2/4581450-4581494,1.1402,0.44398,Cis-reg
AE006468.2/2682860-2682753,0.6718999999999999,0.41863999999999996,Cis-reg
AE006468.2/2178689-2178651,1.1760000000000002,0.40566,Cis-reg
AE006468.2/2202865-2202827,0.9259000000000001,0.41709,Cis-reg
AE006468.2/4477753-4477790,0.9121,0.37827999999999995,Cis-reg
AE006468.2/3919027-3918989,0.9770000000000001,0.35686,Cis-reg
AE006468.2/3836287-3836714,0.7316999999999999,0.45801000000000003,Cis-reg
AE006468.2/1935929-1935470,0.9048,0.45712,Cis-reg
AE006468.2/692805-693180,0.8814000000000001,0.43579999999999997,Cis-reg
AE006468.2/2079580-2079183,0.6638000000000002,0.44830000000000003,Cis-reg
AE006468.2/3468630-3468508,0.9797,0.44827,Cis-reg
AE006468.2/3458420-3458320,0.4859,0.33063,Cis-reg
AE006468.2/679912-679804,0.9622999999999999,0.46252,Cis-reg
AE006468.2/1335448-1335512,0.9504000000000001,0.41708,Cis-reg
AE006468.2/4010408-4010335,0.6623999999999999,0.39847,Cis-reg
AE006468.2/2808112-2808237,0.9635,0.45937,Cis-reg
AE006468.2/1415483-1415606,0.5199,0.31122,Cis-reg
AE006468.2/4527101-4527047,0.9884000000000001,0.38072,Cis-reg
AE006468.2/4247239-4247181,1.3124,0.40913000000000005,Cis-reg
AE006468.2/1652900-1652842,1.3330000000000002,0.40389,Cis-reg
AE006468.2/1249598-1249547,1.137,0.42981,Cis-reg
AE006468.2/1146881-1146954,0.8167000000000001,0.36633000000000004,Cis-reg
AE006468.2/4301088-4301032,0.7777000000000001,0.40436,Cis-reg
AE006468.2/74844-74921,0.684,0.42696,Cis-reg
AE006468.2/3018773-3019082,0.46749999999999997,0.34375,Cis-reg
AE006468.2/244453-244498,0.8064,0.42347,Cis-reg
AE006468.2/4108676-4108966,0.7263000000000001,0.42153,Cis-reg
AE006468.2/4124791-4124878,0.9155,0.43639999999999995,Cis-reg
AE006468.2/817719-817857,0.9986000000000002,0.4212,Cis-reg
AE006468.2/3965479-3965367,0.6336999999999999,0.42207000000000006,Cis-reg
AE006468.2/4630447-4630531,0.7545000000000001,0.39442,Cis-reg
AE006468.2/2188442-2188392,0.7470000000000001,0.42257,Cis-reg
AE006468.2/2266557-2266475,0.9591000000000001,0.42658,Cis-reg
AE006468.2/2326385-2326410,1.2844,0.35856,Cis-reg
AE006468.2/4305718-4305770,0.8071,0.36634999999999995,Cis-reg
NZ_CP029463.1/2412199-2412291,0.9904,0.39432,Cis-reg
NZ_CP029463.1/969328-969222,0.7283,0.37966,Cis-reg
NZ_CP029463.1/3085798-3085984,0.9375,0.39538,Cis-reg
NZ_CP029463.1/507802-507586,0.7803,0.4178,Cis-reg
NZ_CP029463.1/2988333-2988205,0.5963999999999999,0.37370000000000003,Cis-reg
NZ_CP029463.1/2984483-2984354,0.8559000000000001,0.41313,Cis-reg
NZ_CP029463.1/977959-978018,0.8456,0.34770999999999996,Cis-reg
NZ_CP029463.1/1069716-1069684,0.9631000000000001,0.38315000000000005,Cis-reg
NZ_CP029463.1/2120339-2120406,0.6427,0.40945000000000004,Cis-reg
NZ_CP029463.1/886286-886220,1.0228000000000002,0.44014,Cis-reg
NZ_CP029463.1/1743451-1743388,0.7149,0.41777000000000003,Cis-reg
NZ_CP029463.1/808765-808728,0.40369999999999995,0.28405,Cis-reg
NZ_CP029463.1/2135268-2135204,0.3797,0.29674,Cis-reg
AL123456.3/510326-510216,1.102,0.41635000000000005,Cis-reg
AL123456.3/501047-501157,0.6964999999999999,0.4389,Cis-reg
AL123456.3/309858-309686,0.5521,0.35428000000000004,Cis-reg
AL123456.3/1261697-1261480,0.6535999999999998,0.4059999999999999,Cis-reg
AL123456.3/965767-965545,0.924,0.42332,Cis-reg
AL123456.3/1735509-1735678,0.6045,0.32572,Cis-reg
AL123456.3/2047595-2047769,0.5142,0.35117,Cis-reg
AL123456.3/2075613-2075710,0.8939000000000001,0.34087,Cis-reg
AL123456.3/79294-79204,0.9142,0.37789,Cis-reg
AL123456.3/3725971-3726090,1.1917,0.3612,Cis-reg
AL123456.3/4099460-4099385,1.2114,0.44771000000000005,Cis-reg
AL123456.3/3092778-3092708,0.7945,0.34157,Cis-reg
AL123456.3/2429423-2429320,0.908,0.38556999999999997,Cis-reg
NC_005042.1/1627739-1627637,0.8694999999999999,0.45057,Cis-reg
NC_005042.1/60127-60273,0.6355999999999999,0.39891,Cis-reg
NC_005042.1/924002-923944,0.6395,0.38291,Cis-reg
NC_005042.1/398283-398223,0.7691999999999999,0.39894,Cis-reg
NC_005042.1/339581-339500,0.548,0.35270999999999997,Cis-reg
NZ_CP072646.1/980040-980244,0.8046000000000001,0.44673999999999997,Cis-reg
CP025209.1/845345-845457,0.7685,0.38444,Cis-reg
CP025209.1/28714-28824,0.47259999999999996,0.34804999999999997,Cis-reg
CP025209.1/990765-990962,0.9882,0.44243000000000005,Cis-reg
CP025209.1/781295-781488,0.8043,0.44051,Cis-reg
CP025209.1/1574836-1574728,0.9555999999999999,0.42381,Cis-reg
CP025209.1/457037-456980,0.6466999999999999,0.38942,Cis-reg
CP025209.1/952714-952844,0.7494000000000001,0.40451999999999994,Cis-reg
CP025209.1/745999-746058,1.3114000000000001,0.42138000000000003,Cis-reg
NC_018014.1/1576731-1576832,0.8093,0.38819000000000004,Cis-reg
NC_018014.1/4594392-4594593,0.8211999999999999,0.42974999999999997,Cis-reg
NC_018014.1/2743656-2743416,0.942,0.39516999999999997,Cis-reg
NC_018014.1/1270075-1270145,1.219,0.39755999999999997,Cis-reg
NZ_LT629973.1/2993106-2992903,0.8632000000000001,0.38793,Cis-reg
NZ_LT629973.1/2989576-2989380,0.8005,0.45793,Cis-reg
NZ_LT629973.1/1709857-1710011,0.9389000000000001,0.39409,Cis-reg
NZ_LT629973.1/1295918-1295779,0.883,0.38403,Cis-reg
NZ_CP073100.1/4986035-4986173,0.7068,0.29854,Cis-reg
NZ_CP073100.1/2354302-2354118,0.737,0.35111000000000003,Cis-reg
NZ_CP073100.1/2385080-2385144,0.8153,0.39252,Cis-reg
CP035288.1/1368580-1368715,0.8662000000000001,0.42799,Cis-reg
CP035288.1/1086083-1086221,0.7253000000000001,0.43137,Cis-reg
CP035288.1/517683-517574,0.9147,0.43854,Cis-reg
CP035288.1/871165-871263,0.5215,0.38694,Cis-reg
CP035288.1/2243502-2243601,0.9563,0.45812,Cis-reg
CP035288.1/1813691-1813793,0.7066000000000001,0.34798999999999997,Cis-reg
CP035288.1/263407-263306,0.8076,0.33943,Cis-reg
CP035288.1/1868360-1868237,0.8815,0.44019,Cis-reg
CP035288.1/1984836-1984734,0.4485,0.33992,Cis-reg
CP035288.1/677892-677988,0.8044000000000001,0.41762000000000005,Cis-reg
CP035288.1/1073128-1073237,0.8858000000000001,0.46801000000000004,Cis-reg
CP035288.1/15620-15720,0.7020000000000001,0.39592000000000005,Cis-reg
CP035288.1/2400987-2400885,0.7574,0.37734,Cis-reg
CP035288.1/1193293-1193468,0.6661,0.42743000000000003,Cis-reg
CP035288.1/1493834-1493655,0.6121000000000001,0.32891,Cis-reg
CP035288.1/2420502-2420898,0.5853999999999999,0.43065,Cis-reg
CP035288.1/1210742-1210983,0.5185,0.35891,Cis-reg
CP035288.1/10989-11204,0.7759,0.41103999999999996,Cis-reg
CP035288.1/817671-817888,0.7943,0.45335,Cis-reg
CP035288.1/1321181-1321323,0.5323,0.39914999999999995,Cis-reg
CP035288.1/772033-772101,0.49479999999999996,0.34659,Cis-reg
CP035288.1/1664232-1664190,0.5787,0.29274,Cis-reg
CP035288.1/2271970-2271823,0.8061,0.41777,Cis-reg
CP035288.1/1195234-1195357,0.8573,0.48094000000000003,Cis-reg
CP035288.1/1219421-1219497,0.6855,0.41462,Cis-reg
CP035288.1/281927-281824,0.4048,0.25502,Cis-reg
NC_007795.1/1802224-1802089,0.5302,0.34764,Cis-reg
NC_007795.1/1458826-1458692,0.7576000000000002,0.39193,Cis-reg
NC_007795.1/2162418-2162316,0.8024,0.41364,Cis-reg
NC_007795.1/993787-993687,0.5740000000000001,0.40753,Cis-reg
NC_007795.1/931890-931996,0.7691,0.33175,Cis-reg
NC_007795.1/812928-813031,0.769,0.44877,Cis-reg
NC_007795.1/2391667-2391572,0.909,0.42183000000000004,Cis-reg
NC_007795.1/15948-16046,1.1034,0.48604,Cis-reg
NC_007795.1/1818979-1818869,0.6275999999999999,0.34181000000000006,Cis-reg
NC_007795.1/377996-378098,0.4945,0.28929,Cis-reg
NC_007795.1/1685650-1685475,0.7718,0.42229000000000005,Cis-reg
NC_007795.1/1336571-1336746,0.5236999999999999,0.35431999999999997,Cis-reg
NC_007795.1/356655-356286,0.48029999999999995,0.40998999999999997,Cis-reg
NC_007795.1/1668651-1668350,0.3673,0.31194,Cis-reg
NC_007795.1/12480-12696,0.6419,0.35743,Cis-reg
NC_007795.1/2219284-2219068,0.6816000000000001,0.40268,Cis-reg
NC_007795.1/1556080-1555983,1.1360000000000001,0.43672000000000005,Cis-reg
NC_007795.1/2300373-2300304,0.9189,0.45124,Cis-reg
NC_007795.1/1161479-1161521,0.6523000000000001,0.33357000000000003,Cis-reg
NC_007795.1/520067-520213,0.7212000000000001,0.36994999999999995,Cis-reg
NC_007795.1/1683762-1683637,0.5391,0.3615,Cis-reg
NC_007795.1/1659641-1659514,0.5337999999999999,0.34276,Cis-reg
NC_007795.1/2774449-2774060,0.6265000000000001,0.32763,Cis-reg
NC_007795.1/2775082-2775008,0.7516,0.30222,Cis-reg
NC_007795.1/386294-386353,0.9126000000000001,0.37211000000000005,Cis-reg
U00096.3/1144728-1144392,0.6828999999999998,0.41771,Cis-reg
U00096.3/3184718-3184570,0.8986000000000001,0.36325,Cis-reg
U00096.3/4196280-4196180,1.222,0.44032,Cis-reg
U00096.3/2185432-2185336,0.8132999999999999,0.3962,Cis-reg
U00096.3/75610-75511,0.9915,0.45969,Cis-reg
U00096.3/3311742-3311628,0.9395000000000001,0.45125,Cis-reg
U00096.3/3442550-3442439,0.6839000000000001,0.42081999999999997,Cis-reg
U00096.3/4233521-4233325,1.0116,0.34584,Cis-reg
U00096.3/4163384-4163573,0.7576999999999999,0.39421000000000006,Cis-reg
U00096.3/493356-493420,1.0561,0.41919,Cis-reg
U00096.3/1287197-1287066,1.0691000000000002,0.46043999999999996,Cis-reg
U00096.3/1286841-1286710,0.8210999999999999,0.42778000000000005,Cis-reg
U00096.3/1287019-1286888,0.9408000000000001,0.44739999999999996,Cis-reg
U00096.3/1287494-1287363,0.7889,0.39755999999999997,Cis-reg
U00096.3/3708581-3708448,1.0128000000000001,0.40291,Cis-reg
U00096.3/781376-781543,0.7991999999999999,0.42045,Cis-reg
U00096.3/780561-780729,0.5207999999999999,0.33619,Cis-reg
U00096.3/780850-781016,0.7137,0.43207999999999996,Cis-reg
U00096.3/781154-781320,0.6861,0.44593999999999995,Cis-reg
U00096.3/2521359-2521484,0.9928000000000001,0.43432,Cis-reg
U00096.3/781683-781808,1.0238,0.45277,Cis-reg
U00096.3/1097339-1097203,0.5643,0.38513000000000003,Cis-reg
U00096.3/191-310,0.8864000000000001,0.42459,Cis-reg
U00096.3/83722-83573,0.6208,0.39004,Cis-reg
U00096.3/1323061-1322968,1.1146,0.43388,Cis-reg
U00096.3/2090022-2090145,0.8936,0.36763999999999997,Cis-reg
U00096.3/2704223-2704009,0.9762000000000001,0.40991,Cis-reg
U00096.3/816912-817056,1.0215999999999998,0.45539,Cis-reg
U00096.3/4467416-4467531,0.7158,0.41938000000000003,Cis-reg
U00096.3/4376811-4376857,1.0699,0.45926000000000006,Cis-reg
U00096.3/2661642-2661533,0.5479,0.39541000000000004,Cis-reg
U00096.3/2113175-2113137,1.2684000000000002,0.38706999999999997,Cis-reg
U00096.3/2137460-2137422,1.065,0.41735,Cis-reg
U00096.3/3808220-3808182,1.0792000000000002,0.35913999999999996,Cis-reg
U00096.3/2400215-2400173,1.0005000000000002,0.3385,Cis-reg
U00096.3/3719889-3720316,0.9594000000000001,0.43236,Cis-reg
U00096.3/1051305-1051727,0.6295,0.43909999999999993,Cis-reg
U00096.3/1641715-1641323,0.8795000000000001,0.44736,Cis-reg
U00096.3/1907611-1907151,0.9146,0.4822700000000001,Cis-reg
U00096.3/657107-657549,0.7722,0.50812,Cis-reg
U00096.3/1638813-1638428,0.8313,0.4294,Cis-reg
U00096.3/3328932-3328811,1.0648,0.43942,Cis-reg
U00096.3/3318124-3318024,0.5323,0.34530000000000005,Cis-reg
U00096.3/644121-644013,0.7150000000000001,0.46185,Cis-reg
U00096.3/3867488-3867416,0.7604000000000002,0.41452,Cis-reg
U00096.3/2737598-2737723,0.9323,0.46220999999999995,Cis-reg
U00096.3/1799276-1799152,0.6933999999999999,0.44379,Cis-reg
U00096.3/4298954-4298900,0.9405000000000001,0.38978,Cis-reg
U00096.3/1122657-1122608,1.1507,0.42630000000000007,Cis-reg
U00096.3/1004700-1004773,0.5098999999999999,0.33996,Cis-reg
U00096.3/4122342-4122285,0.6444,0.36909,Cis-reg
U00096.3/180844-180889,0.8764000000000001,0.41838000000000003,Cis-reg
U00096.3/3950248-3950540,0.7009,0.37224,Cis-reg
U00096.3/3965691-3965790,0.7574000000000001,0.36436999999999997,Cis-reg
U00096.3/779489-779627,0.7154999999999999,0.4012,Cis-reg
U00096.3/4425036-4425120,0.7613000000000001,0.41506,Cis-reg
U00096.3/2123033-2122984,0.7228,0.3428,Cis-reg
U00096.3/2224955-2224875,1.0217,0.45097,Cis-reg
U00096.3/4126954-4127006,0.7609,0.35876,Cis-reg
NZ_CP071878.1/1885445-1885536,1.0818,0.42556,Cis-reg
NZ_CP071878.1/6884704-6884817,0.7244999999999999,0.40767000000000003,Cis-reg
NZ_CP071878.1/1486275-1486165,0.9502,0.47354,Cis-reg
NZ_CP071878.1/3213000-3213114,0.763,0.38319,Cis-reg
NZ_CP071878.1/5127220-5127110,0.8206,0.44222,Cis-reg
NZ_CP071878.1/1996264-1996074,0.6893,0.39995,Cis-reg
NZ_CP071878.1/1525632-1525439,0.5841000000000001,0.35355000000000003,Cis-reg
NZ_CP071878.1/6516600-6516521,0.6544,0.38756,Cis-reg
NZ_CP071878.1/4183994-4183930,0.8738999999999999,0.41444000000000003,Cis-reg
NZ_CP071878.1/7074013-7074048,0.6862,0.39975000000000005,Cis-reg
NC_019693.1/2936156-2936251,0.7171,0.39142,Cis-reg
NC_019693.1/6509585-6509728,0.45430000000000004,0.30347,Cis-reg
NC_019693.1/3562748-3562923,0.7621000000000001,0.41369,Cis-reg
NC_019693.1/7528556-7528752,0.6351999999999999,0.39826000000000006,Cis-reg
NC_019693.1/1012134-1012000,0.7925,0.37311999999999995,Cis-reg
NC_019693.1/57118-56984,0.7712000000000001,0.44288,Cis-reg
NC_019693.1/7414453-7414286,0.9879000000000001,0.43542,Cis-reg
NC_019693.1/6509615-6509761,0.5393999999999999,0.42041,Cis-reg
NC_019693.1/3969870-3969954,1.0537,0.43482,Cis-reg
NC_019693.1/3669586-3669490,0.5106999999999999,0.40013,Cis-reg
NC_019693.1/6880076-6880150,0.7035,0.32925,Cis-reg
NC_019693.1/4798734-4798646,0.6739,0.32797999999999994,Cis-reg
nameseq,fickett_score-ORF,fickett_score-full-sequence,label
AE006468.2/818781-818853,0.8184,0.36768,tRNA
AE006468.2/613561-613634,0.838,0.37183,tRNA
AE006468.2/4360425-4360497,1.066,0.40492,tRNA
AE006468.2/3379011-3379083,0.7777000000000001,0.43776000000000004,tRNA
AE006468.2/4360059-4360131,0.9176,0.39616,tRNA
AE006468.2/2083246-2083318,0.8585,0.42377,tRNA
AE006468.2/3197501-3197431,0.6683,0.35885,tRNA
AE006468.2/368797-368869,1.1634,0.41554,tRNA
AE006468.2/738326-738253,1.1537,0.46475,tRNA
AE006468.2/3566864-3566792,1.083,0.40340000000000004,tRNA
AE006468.2/4141052-4141124,1.0842,0.40816,tRNA
AE006468.2/1501714-1501641,0.7789,0.33604,tRNA
AE006468.2/3276153-3276225,0.968,0.37167999999999995,tRNA
AE006468.2/2035658-2035586,1.0085,0.40926999999999997,tRNA
AE006468.2/1501801-1501728,0.6775,0.34387000000000006,tRNA
AE006468.2/2970007-2969934,0.723,0.38114000000000003,tRNA
AE006468.2/294829-294902,0.7214999999999999,0.32857000000000003,tRNA
AE006468.2/4105381-4105453,0.6343000000000001,0.38266,tRNA
AE006468.2/2505823-2505894,0.8744000000000001,0.44072,tRNA
AE006468.2/2082259-2082173,1.0191999999999999,0.44908,tRNA
AE006468.2/4360344-4360415,1.1566,0.41401000000000004,tRNA
AE006468.2/1175310-1175394,0.7464,0.38761,tRNA
AE006468.2/290791-290864,0.4458,0.28286,tRNA
AE006468.2/4141277-4141350,0.6528,0.35424,tRNA
AE006468.2/738416-738345,0.6125,0.31983,tRNA
AE006468.2/738085-738014,0.8079000000000001,0.36841,tRNA
AE006468.2/2531836-2531908,0.7954,0.38418,tRNA
AE006468.2/290977-291049,0.7339,0.33995999999999993,tRNA
AE006468.2/2970651-2970562,0.5784,0.37361999999999995,tRNA
AE006468.2/4731029-4731110,0.9356,0.37428999999999996,tRNA
AE006468.2/3141070-3141143,0.8542000000000001,0.36464,tRNA
AE006468.2/4140921-4140994,0.49119999999999997,0.28014,tRNA
AE006468.2/4360143-4360224,1.0702,0.45526,tRNA
AE006468.2/1852563-1852644,0.9495,0.46134,tRNA
AE006468.2/1027533-1027449,0.7107,0.34538,tRNA
AE006468.2/2529012-2528940,0.8288000000000001,0.36812,tRNA
AE006468.2/2800036-2799964,0.7277,0.30022,tRNA
AE006468.2/2035445-2035362,1.1044,0.41765,tRNA
AE006468.2/1345642-1345715,1.1656,0.45429,tRNA
AE006468.2/3820497-3820424,0.5728,0.37392,tRNA
AE006468.2/738634-738553,0.996,0.34376999999999996,tRNA
AE006468.2/2035530-2035460,1.0273,0.38292999999999994,tRNA
AE006468.2/2761725-2761652,0.9145000000000001,0.36733,tRNA
AE006468.2/3461845-3461762,1.0806,0.40647,tRNA
AE006468.2/2330753-2330826,0.6862,0.33275,tRNA
AE006468.2/1333204-1333277,0.9112,0.35171,tRNA
AE006468.2/4810851-4810768,1.1341999999999999,0.38181,tRNA
AE006468.2/4141148-4141231,1.1076,0.38401,tRNA
AE006468.2/1333283-1333351,0.9539000000000002,0.36117,tRNA
AE006468.2/3948589-3948678,0.994,0.41643,tRNA
AE006468.2/3682780-3682667,0.5296,0.32936,tRNA
AE006468.2/3948588-3948678,0.9196,0.41233000000000003,tRNA
NZ_CP029463.1/2046022-2046094,0.8184999999999999,0.39690000000000003,tRNA
NZ_CP029463.1/1997021-1997093,1.0936000000000001,0.44489999999999996,tRNA
NZ_CP029463.1/1042171-1042098,0.7552,0.41002,tRNA
NZ_CP029463.1/1088281-1088209,0.8884000000000001,0.35078000000000004,tRNA
NZ_CP029463.1/562245-562318,0.6955,0.36039,tRNA
NZ_CP029463.1/2416632-2416558,0.5297999999999999,0.30994,tRNA
NZ_CP029463.1/690868-690795,1.1157,0.42793000000000003,tRNA
NZ_CP029463.1/920635-920561,0.7393000000000001,0.39923,tRNA
NZ_CP029463.1/3084419-3084492,0.9400000000000001,0.39302000000000004,tRNA
NZ_CP029463.1/2352563-2352634,0.6409999999999999,0.33712,tRNA
NZ_CP029463.1/2241843-2241771,0.9922,0.37747,tRNA
NZ_CP029463.1/2899915-2899988,0.9156000000000001,0.43820000000000003,tRNA
NZ_CP029463.1/698968-698895,0.8374000000000001,0.30891,tRNA
NZ_CP029463.1/492167-492239,1.0680999999999998,0.45227,tRNA
NZ_CP029463.1/1826065-1826138,0.7634,0.34994,tRNA
NZ_CP029463.1/454829-454756,0.7002,0.26644,tRNA
NZ_CP029463.1/2112663-2112590,1.1834000000000002,0.46604999999999996,tRNA
NZ_CP029463.1/1714538-1714625,1.0823,0.44087000000000004,tRNA
NZ_CP029463.1/1072697-1072778,0.8786,0.37255000000000005,tRNA
NZ_CP029463.1/3084237-3084320,0.5949,0.31153,tRNA
NZ_CP029463.1/1997117-1997202,0.8932,0.39966,tRNA
NZ_CP029463.1/44223-44150,0.8462,0.44682,tRNA
NZ_CP029463.1/189319-189400,0.8175,0.42494,tRNA
NZ_CP029463.1/2542585-2542656,1.0445,0.33932,tRNA
NZ_CP029463.1/2352451-2352533,0.4728,0.30777,tRNA
NZ_CP029463.1/1269814-1269893,1.2742,0.39361999999999997,tRNA
NZ_CP029463.1/2353930-2354000,0.8341000000000001,0.36279999999999996,tRNA
NZ_CP029463.1/1525463-1525533,1.0744,0.32082,tRNA
NZ_CP029463.1/2553830-2553903,0.7455,0.30649,tRNA
NZ_CP029463.1/2816990-2816907,0.6499999999999999,0.38634,tRNA
NZ_CP029463.1/2542671-2542742,1.0197,0.31882,tRNA
NZ_CP029463.1/2082422-2082495,0.8933999999999999,0.39092000000000005,tRNA
NZ_CP029463.1/1897447-1897517,1.1714000000000002,0.44597,tRNA
NZ_CP029463.1/454663-454590,0.8794,0.45741,tRNA
NZ_CP029463.1/2882198-2882125,1.0234,0.44732,tRNA
NZ_CP029463.1/2112489-2112419,0.6715999999999999,0.38871999999999995,tRNA
NZ_CP029463.1/2112111-2112038,1.0453,0.44271,tRNA
NZ_CP029463.1/698855-698783,0.9140999999999999,0.36006,tRNA
NZ_CP029463.1/2112567-2112496,0.7515,0.47142,tRNA
NZ_CP029463.1/2112190-2112117,1.1259,0.44777,tRNA
NZ_CP029463.1/2111389-2111302,0.9099999999999999,0.40414999999999995,tRNA
AL123456.3/731603-731676,1.0110999999999999,0.44683999999999996,tRNA
AL123456.3/386274-386204,0.7808,0.38692000000000004,tRNA
AL123456.3/2765541-2765611,0.6052,0.37776,tRNA
AL123456.3/10887-10960,0.5321,0.31079999999999997,tRNA
AL123456.3/2581837-2581764,0.88,0.38156,tRNA
AL123456.3/2969753-2969825,1.1892,0.37217,tRNA
AL123456.3/924213-924286,0.8084,0.40288,tRNA
AL123456.3/4081437-4081365,0.5058,0.32966,tRNA
AL123456.3/923875-923803,0.8992,0.33756,tRNA
AL123456.3/1446265-1446193,1.1754,0.40582999999999997,tRNA
AL123456.3/11112-11184,0.5381,0.31212,tRNA
AL123456.3/2969855-2969925,0.9234,0.33960999999999997,tRNA
AL123456.3/1113511-1113583,0.9838999999999999,0.38695,tRNA
AL123456.3/733524-733596,1.2656,0.42624,tRNA
AL123456.3/2765404-2765331,0.6412999999999999,0.36285,tRNA
AL123456.3/2969568-2969497,0.5305,0.29858,tRNA
AL123456.3/850713-850642,0.7154,0.34871,tRNA
AL123456.3/2510669-2510598,0.8644,0.35811000000000004,tRNA
AL123456.3/2835494-2835566,0.8537000000000001,0.42562,tRNA
AL123456.3/924110-924183,0.7171000000000001,0.33502,tRNA
AL123456.3/2619479-2619407,1.1692,0.39440000000000003,tRNA
AL123456.3/1946613-1946686,0.5981000000000001,0.33132,tRNA
AL123456.3/4216937-4216865,1.2048,0.42845000000000005,tRNA
AL123456.3/731494-731566,0.7872000000000001,0.3844,tRNA
AL123456.3/3431912-3431840,0.9532,0.31137000000000004,tRNA
AL123456.3/2969942-2970013,0.6949,0.39216999999999996,tRNA
AL123456.3/1025393-1025321,1.0644,0.40309,tRNA
AL123456.3/4126541-4126614,0.9019,0.39923,tRNA
AL123456.3/1177396-1177469,1.2976,0.41938000000000003,tRNA
AL123456.3/4222667-4222581,1.0537,0.44148,tRNA
AL123456.3/3559443-3559370,0.9407000000000001,0.40576,tRNA
AL123456.3/2827854-2827926,1.2032,0.38999999999999996,tRNA
AL123456.3/658109-658189,0.8631,0.44415000000000004,tRNA
AL123456.3/923999-924072,0.9652000000000001,0.34201000000000004,tRNA
AL123456.3/4199217-4199131,0.8699,0.42451000000000005,tRNA
AL123456.3/3348619-3348547,0.9004000000000001,0.318,tRNA
AL123456.3/2794176-2794249,0.835,0.39786999999999995,tRNA
AL123456.3/4217056-4216968,0.7268,0.34521999999999997,tRNA
AL123456.3/2401987-2402072,1.1522000000000001,0.42918,tRNA
AL123456.3/1512728-1512811,1.1023,0.4049,tRNA
AL123456.3/4168345-4168430,0.8349,0.39015,tRNA
AL123456.3/3348730-3348659,1.1421000000000001,0.40475999999999995,tRNA
AL123456.3/25644-25726,0.9708000000000001,0.38293000000000005,tRNA
AL123456.3/1828088-1828015,1.2099,0.44480000000000003,tRNA
AL123456.3/1138147-1138076,1.0898,0.40515,tRNA
NC_005042.1/1304251-1304181,1.0767,0.39751,tRNA
NC_005042.1/1616743-1616670,0.6594,0.37599,tRNA
NC_005042.1/355056-355128,0.7967000000000001,0.37070000000000003,tRNA
NC_005042.1/1656359-1656288,0.7876000000000001,0.31737,tRNA
NC_005042.1/852209-852295,0.6804,0.37617,tRNA
NC_005042.1/1173899-1173985,1.0131,0.47232999999999997,tRNA
NC_005042.1/1546512-1546424,0.9611000000000001,0.42463999999999996,tRNA
NC_005042.1/370578-370507,0.9251,0.42069999999999996,tRNA
NC_005042.1/452454-452382,0.8401000000000001,0.36584,tRNA
NC_005042.1/1704924-1704853,0.7403,0.43287,tRNA
NC_005042.1/1595707-1595777,0.8031,0.37941,tRNA
NC_005042.1/554563-554634,0.8363,0.41093,tRNA
NC_005042.1/1337241-1337312,0.9008,0.44012,tRNA
NC_005042.1/1510408-1510479,0.6655,0.3579899999999999,tRNA
NC_005042.1/651118-651189,0.7762000000000001,0.35031999999999996,tRNA
NC_005042.1/1212078-1212151,0.8170999999999999,0.39396,tRNA
NC_005042.1/451989-451916,0.8141999999999999,0.36066,tRNA
NC_005042.1/896720-896793,0.7649,0.31945,tRNA
NC_005042.1/544514-544599,1.1974,0.44224,tRNA
NC_005042.1/146967-147038,0.8605,0.4135,tRNA
NC_005042.1/1237285-1237213,1.0464,0.42765,tRNA
NC_005042.1/282777-282704,0.9194,0.39727999999999997,tRNA
NC_005042.1/334970-334898,0.8472,0.36788,tRNA
NC_005042.1/562384-562457,0.6507,0.32921999999999996,tRNA
NC_005042.1/345150-345079,0.4607,0.31233,tRNA
NC_005042.1/354973-355046,0.7538,0.33104999999999996,tRNA
NC_005042.1/811269-811196,0.9566000000000001,0.32555,tRNA
NC_005042.1/370670-370589,0.8170000000000001,0.38537,tRNA
NC_005042.1/1580265-1580338,0.9946999999999999,0.39747,tRNA
NC_005042.1/736184-736098,0.5026999999999999,0.36872,tRNA
NC_005042.1/1282673-1282745,0.6626000000000001,0.39172999999999997,tRNA
NC_005042.1/1049322-1049394,0.9389000000000002,0.39808,tRNA
NC_005042.1/298553-298481,0.6806,0.32973,tRNA
NC_005042.1/670854-670781,0.8895,0.42097,tRNA
NC_005042.1/1277487-1277568,0.8678,0.42823,tRNA
NC_005042.1/1566956-1567027,0.7873000000000001,0.34132,tRNA
NC_005042.1/85051-84970,0.9656,0.406,tRNA
NC_005042.1/1275907-1275825,0.9325000000000001,0.38627999999999996,tRNA
NC_005042.1/262362-262281,0.7967000000000001,0.37689,tRNA
NZ_CP072646.1/433190-433118,0.9255,0.38615,tRNA
NZ_CP072646.1/2426437-2426510,0.7359,0.40714000000000006,tRNA
NZ_CP072646.1/577686-577614,0.8230000000000001,0.37097,tRNA
NZ_CP072646.1/272009-272081,0.9624,0.43805,tRNA
NZ_CP072646.1/2016898-2016825,0.8500000000000001,0.32514,tRNA
NZ_CP072646.1/2501281-2501208,0.9708000000000001,0.46229000000000003,tRNA
NZ_CP072646.1/394151-394079,0.7888000000000001,0.35634,tRNA
NZ_CP072646.1/107986-108058,0.47300000000000003,0.27419000000000004,tRNA
NZ_CP072646.1/175266-175338,0.8626,0.42295,tRNA
NZ_CP072646.1/573626-573697,0.5601999999999999,0.31584999999999996,tRNA
NZ_CP072646.1/271929-272000,0.7008,0.40177999999999997,tRNA
NZ_CP072646.1/271740-271812,0.8356,0.37718,tRNA
NZ_CP072646.1/410059-409988,0.9663,0.4527399999999999,tRNA
NZ_CP072646.1/171759-171830,0.7805,0.39099,tRNA
NZ_CP072646.1/1941457-1941384,1.1689,0.38882999999999995,tRNA
NZ_CP072646.1/107907-107980,0.9818,0.44056,tRNA
NZ_CP072646.1/1495192-1495263,0.615,0.34364,tRNA
NZ_CP072646.1/246725-246796,0.8345,0.32344,tRNA
NZ_CP072646.1/1534126-1534198,0.7634000000000001,0.41448,tRNA
NZ_CP072646.1/1697025-1696952,1.0681,0.42274999999999996,tRNA
NZ_CP072646.1/573753-573826,1.1320999999999999,0.41086,tRNA
NZ_CP072646.1/2513966-2514050,0.5979,0.33573,tRNA
NZ_CP072646.1/271830-271913,0.8701,0.43944,tRNA
NZ_CP072646.1/1169512-1169426,0.5942999999999999,0.33782999999999996,tRNA
NZ_CP072646.1/419111-419038,0.8258000000000001,0.40429000000000004,tRNA
NZ_CP072646.1/350949-350878,0.6322,0.34090999999999994,tRNA
NZ_CP072646.1/2520575-2520648,0.8761000000000001,0.41933000000000004,tRNA
NZ_CP072646.1/398879-398806,0.8695000000000002,0.42213,tRNA
NZ_CP072646.1/1169731-1169645,0.7636,0.41624999999999995,tRNA
NZ_CP072646.1/2440395-2440477,0.9420000000000001,0.4376300000000001,tRNA
NZ_CP072646.1/1117599-1117526,0.9532,0.31137000000000004,tRNA
NZ_CP072646.1/1461417-1461497,0.878,0.37009,tRNA
NZ_CP072646.1/682209-682137,0.5873999999999999,0.30255000000000004,tRNA
NZ_CP072646.1/2599679-2599593,0.8648000000000001,0.414,tRNA
NZ_CP072646.1/273371-273443,0.9628000000000001,0.40803,tRNA
NZ_CP072646.1/2471381-2471463,0.8978000000000002,0.33143,tRNA
NZ_CP072646.1/2626574-2626504,0.8625,0.36695,tRNA
NZ_CP072646.1/1986255-1986183,0.8864,0.39178999999999997,tRNA
NZ_CP072646.1/1957868-1957798,1.0539,0.37997,tRNA
NZ_CP072646.1/2276129-2276056,0.6351999999999999,0.3731,tRNA
NZ_CP072646.1/2501373-2501290,0.9796,0.35373999999999994,tRNA
NZ_CP072646.1/2568813-2568734,1.1204,0.42382,tRNA
NZ_CP072646.1/1576563-1576470,0.6214999999999999,0.38049,tRNA
NZ_CP072646.1/2513966-2514049,0.6154999999999999,0.31977,tRNA
NZ_CP072646.1/2599681-2599592,0.8654000000000002,0.40651000000000004,tRNA
NZ_CP072646.1/2471379-2471464,0.8852,0.32099,tRNA
CP025209.1/2147417-2147487,0.7468,0.38388,tRNA
CP025209.1/11814-11887,0.9621,0.38183,tRNA
CP025209.1/11900-11972,0.7930999999999999,0.44434,tRNA
CP025209.1/1912516-1912444,0.6818000000000001,0.36275,tRNA
CP025209.1/132315-132387,1.2108,0.4339,tRNA
CP025209.1/1346525-1346595,0.8581,0.35807999999999995,tRNA
CP025209.1/341535-341606,0.7932000000000001,0.34521999999999997,tRNA
CP025209.1/1656510-1656583,0.881,0.39920999999999995,tRNA
CP025209.1/255636-255708,0.8293,0.38247,tRNA
CP025209.1/1346219-1346291,1.2072,0.36755,tRNA
CP025209.1/341635-341707,1.1264,0.43559,tRNA
CP025209.1/1656331-1656259,0.9741,0.40408,tRNA
CP025209.1/1848062-1847990,1.0374,0.43932000000000004,tRNA
CP025209.1/1761819-1761746,0.6258,0.36397,tRNA
CP025209.1/1762234-1762163,0.9617000000000001,0.42398,tRNA
CP025209.1/1784454-1784526,0.7208,0.32544,tRNA
CP025209.1/1779348-1779275,0.8271000000000001,0.34465999999999997,tRNA
CP025209.1/1848158-1848085,0.7171000000000001,0.33502,tRNA
CP025209.1/1865552-1865480,0.9056,0.39642,tRNA
CP025209.1/1345931-1345860,0.7626000000000002,0.40669,tRNA
CP025209.1/215002-214929,0.8334999999999999,0.37575,tRNA
CP025209.1/1829199-1829127,1.1371,0.39028999999999997,tRNA
CP025209.1/933208-933136,0.8286,0.41207,tRNA
CP025209.1/716704-716632,0.8509,0.42691000000000007,tRNA
CP025209.1/341424-341496,0.7872000000000001,0.3844,tRNA
CP025209.1/814135-814208,1.2498,0.45575,tRNA
CP025209.1/130767-130851,0.6683,0.42113,tRNA
CP025209.1/1124709-1124782,0.6485,0.36557999999999996,tRNA
CP025209.1/1346309-1346380,0.6927,0.39052,tRNA
CP025209.1/657046-657119,0.9407000000000001,0.40576,tRNA
CP025209.1/341151-341232,0.5287,0.33566999999999997,tRNA
CP025209.1/1644099-1644027,0.8559000000000001,0.40227,tRNA
CP025209.1/1782037-1782109,1.3176,0.38082,tRNA
CP025209.1/1849703-1849631,0.9724000000000002,0.3811,tRNA
CP025209.1/1025459-1025531,0.9703,0.36239,tRNA
CP025209.1/1198148-1198233,1.1962000000000002,0.41487,tRNA
CP025209.1/1799618-1799537,0.666,0.36287,tRNA
CP025209.1/53016-53099,1.2326000000000001,0.42474999999999996,tRNA
CP025209.1/132179-132267,0.6252000000000001,0.27981,tRNA
CP025209.1/1025354-1025425,1.2357,0.40074,tRNA
CP025209.1/801681-801752,1.1251,0.42957,tRNA
CP025209.1/1053100-1053027,1.0188000000000001,0.44362,tRNA
CP025209.1/165704-165619,0.9579000000000001,0.38692,tRNA
NC_018014.1/2532470-2532543,0.6486000000000001,0.38178999999999996,tRNA
NC_018014.1/1920073-1920000,0.7538999999999999,0.35365,tRNA
NC_018014.1/926150-926223,0.7701000000000001,0.37954,tRNA
NC_018014.1/772881-772953,0.8745,0.34501,tRNA
NC_018014.1/699976-699904,1.1520000000000001,0.44955,tRNA
NC_018014.1/488575-488502,0.9003,0.39583,tRNA
NC_018014.1/2127377-2127306,0.832,0.34928000000000003,tRNA
NC_018014.1/1025778-1025706,0.8937,0.42156000000000005,tRNA
NC_018014.1/1025308-1025237,0.8306,0.41402999999999995,tRNA
NC_018014.1/3864377-3864306,1.0218,0.44555,tRNA
NC_018014.1/237661-237733,1.11,0.43356999999999996,tRNA
NC_018014.1/2073303-2073375,1.1456000000000002,0.40950000000000003,tRNA
NC_018014.1/1967341-1967268,0.9349000000000001,0.4080599999999999,tRNA
NC_018014.1/4379385-4379458,1.0248000000000002,0.3808,tRNA
NC_018014.1/4501335-4501262,0.8057,0.37417,tRNA
NC_018014.1/1025672-1025589,0.8297,0.42352,tRNA
NC_018014.1/1682985-1683057,1.1321,0.39602,tRNA
NC_018014.1/4656351-4656280,0.688,0.37551,tRNA
NC_018014.1/498918-498990,0.8247,0.46671,tRNA
NC_018014.1/1899772-1899699,0.8508,0.43905,tRNA
NC_018014.1/2127226-2127155,0.6073999999999999,0.30376,tRNA
NC_018014.1/846603-846532,0.5198,0.30506,tRNA
NC_018014.1/1025182-1025111,0.8539000000000001,0.36297,tRNA
NC_018014.1/5075516-5075427,0.8267,0.44619000000000003,tRNA
NC_018014.1/4932311-4932238,0.8279000000000001,0.35312000000000004,tRNA
NC_018014.1/2271938-2271854,0.7908999999999999,0.36204,tRNA
NC_018014.1/1283366-1283437,1.0529,0.45119,tRNA
NC_018014.1/926281-926353,1.0316999999999998,0.40802999999999995,tRNA
NC_018014.1/2215507-2215580,1.0707,0.44716,tRNA
NC_018014.1/4049223-4049295,0.9179000000000002,0.39541,tRNA
NC_018014.1/517826-517899,1.0769,0.38937,tRNA
NC_018014.1/496905-496832,0.8853,0.39019000000000004,tRNA
NC_018014.1/857530-857458,1.0372,0.35400000000000004,tRNA
NC_018014.1/2495795-2495878,1.0288,0.4243,tRNA
NC_018014.1/5025518-5025604,0.8221,0.40128,tRNA
NC_018014.1/4475523-4475604,0.8663000000000001,0.45619999999999994,tRNA
NC_018014.1/672649-672576,1.0383,0.36909,tRNA
NC_018014.1/604562-604632,1.182,0.41427,tRNA
NC_018014.1/4047992-4047909,1.2448000000000001,0.40276,tRNA
NC_018014.1/2455841-2455753,0.5577,0.36325,tRNA
NC_018014.1/2259707-2259626,0.6979,0.42840999999999996,tRNA
NC_018014.1/472214-472142,1.0829,0.41495000000000004,tRNA
NC_018014.1/1020502-1020430,0.8180000000000001,0.41974999999999996,tRNA
NC_018014.1/707099-707182,1.1151,0.43133999999999995,tRNA
NC_018014.1/2641227-2641297,1.0589000000000002,0.32497,tRNA
NC_018014.1/1226620-1226693,0.6147,0.32997,tRNA
NC_018014.1/5025516-5025605,0.794,0.38177,tRNA
NZ_LT629973.1/2313604-2313676,0.7376,0.41108,tRNA
NZ_LT629973.1/3000811-3000740,0.6031,0.29242999999999997,tRNA
NZ_LT629973.1/912152-912080,0.8285,0.32039999999999996,tRNA
NZ_LT629973.1/572744-572673,0.7678,0.34607,tRNA
NZ_LT629973.1/774427-774357,0.9823,0.46096,tRNA
NZ_LT629973.1/2447563-2447492,0.9667,0.42472000000000004,tRNA
NZ_LT629973.1/2641072-2640999,0.6454,0.4419,tRNA
NZ_LT629973.1/1242915-1242843,0.6131999999999999,0.35704,tRNA
NZ_LT629973.1/912032-911959,0.8307000000000002,0.3772,tRNA
NZ_LT629973.1/1925698-1925769,0.7867,0.33525,tRNA
NZ_LT629973.1/2735582-2735654,0.9179,0.40683,tRNA
NZ_LT629973.1/688556-688485,0.7366,0.41415,tRNA
NZ_LT629973.1/1242813-1242740,1.2814,0.38961,tRNA
NZ_LT629973.1/282247-282320,0.7152999999999999,0.40570000000000006,tRNA
NZ_LT629973.1/688331-688259,0.6048,0.37761999999999996,tRNA
NZ_LT629973.1/2215792-2215718,0.6803,0.33833,tRNA
NZ_LT629973.1/2091546-2091617,1.0238,0.45548999999999995,tRNA
NZ_LT629973.1/260852-260923,0.8988,0.41022,tRNA
NZ_LT629973.1/60067-59997,1.0512000000000001,0.43743,tRNA
NZ_LT629973.1/2866240-2866154,1.0156,0.41947999999999996,tRNA
NZ_LT629973.1/2090283-2090364,1.0222,0.4421,tRNA
NZ_LT629973.1/981861-981932,0.9787000000000001,0.40381,tRNA
NZ_LT629973.1/2276113-2276186,1.1055,0.44658,tRNA
NZ_LT629973.1/1548024-1547946,0.8797000000000001,0.35235,tRNA
NZ_LT629973.1/607241-607170,0.8416000000000001,0.38234,tRNA
NZ_LT629973.1/774548-774618,0.6825,0.3174,tRNA
NZ_LT629973.1/2577516-2577588,0.7805000000000002,0.3608,tRNA
NZ_LT629973.1/808698-808626,0.8275000000000001,0.42897,tRNA
NZ_LT629973.1/1891179-1891250,1.1316000000000002,0.39363,tRNA
NZ_LT629973.1/1562574-1562647,0.851,0.42902999999999997,tRNA
NZ_LT629973.1/571344-571272,1.0122000000000002,0.41798,tRNA
NZ_LT629973.1/1145102-1145018,0.7323999999999999,0.45058,tRNA
NZ_LT629973.1/292526-292444,1.1689,0.44466999999999995,tRNA
NZ_LT629973.1/1986410-1986491,0.5853999999999999,0.34631,tRNA
NZ_LT629973.1/494806-494879,0.9268000000000001,0.41566000000000003,tRNA
NZ_LT629973.1/442317-442246,1.0616,0.39777999999999997,tRNA
NZ_LT629973.1/2356337-2356248,0.9316,0.38070999999999994,tRNA
NZ_LT629973.1/1756900-1756829,0.7105999999999999,0.38578999999999997,tRNA
NZ_LT629973.1/2866507-2866594,1.1020999999999999,0.44072999999999996,tRNA
NZ_LT629973.1/507814-507741,1.2042,0.39574000000000004,tRNA
NZ_LT629973.1/2062376-2062304,0.7813,0.32992,tRNA
NZ_LT629973.1/1345772-1345843,1.0865,0.38538,tRNA
NZ_LT629973.1/2162067-2162148,0.8887,0.40929000000000004,tRNA
NZ_LT629973.1/2866240-2866155,1.0156,0.41947999999999996,tRNA
NZ_CP073100.1/113243-113314,0.7976000000000001,0.40612000000000004,tRNA
NZ_CP073100.1/3246402-3246330,1.1122,0.38964,tRNA
NZ_CP073100.1/3397182-3397253,1.0598,0.32137,tRNA
NZ_CP073100.1/3923957-3923887,0.8402000000000002,0.4263,tRNA
NZ_CP073100.1/275786-275858,0.6778,0.29623,tRNA
NZ_CP073100.1/275944-276017,0.6699000000000002,0.32900999999999997,tRNA
NZ_CP073100.1/1727743-1727670,0.9802000000000001,0.37788999999999995,tRNA
NZ_CP073100.1/1953252-1953323,0.5479999999999999,0.33875,tRNA
NZ_CP073100.1/1345563-1345635,1.1608,0.4606,tRNA
NZ_CP073100.1/3326082-3326011,0.6318,0.28833,tRNA
NZ_CP073100.1/795564-795635,0.7122999999999999,0.36515999999999993,tRNA
NZ_CP073100.1/3924123-3924193,0.6552,0.33247,tRNA
NZ_CP073100.1/3324671-3324600,0.9446000000000001,0.43559,tRNA
NZ_CP073100.1/2153283-2153210,1.0027,0.41339000000000004,tRNA
NZ_CP073100.1/2291660-2291732,0.6701,0.38605999999999996,tRNA
NZ_CP073100.1/1463654-1463583,1.0394,0.36795,tRNA
NZ_CP073100.1/283969-284041,0.6441999999999999,0.38948,tRNA
NZ_CP073100.1/1238004-1238075,1.0854000000000001,0.42436,tRNA
NZ_CP073100.1/524554-524625,0.7498,0.36614,tRNA
NZ_CP073100.1/1801339-1801423,1.0974,0.42784,tRNA
NZ_CP073100.1/4921469-4921541,0.6812,0.32758000000000004,tRNA
NZ_CP073100.1/4028057-4027984,1.1086,0.42796,tRNA
NZ_CP073100.1/1863234-1863161,1.2936,0.3824,tRNA
NZ_CP073100.1/5030976-5031047,1.0312000000000001,0.35951,tRNA
NZ_CP073100.1/4028155-4028082,0.9717,0.45416000000000006,tRNA
NZ_CP073100.1/1936910-1936982,0.8904,0.43538999999999994,tRNA
NZ_CP073100.1/3564397-3564326,0.8633,0.45241,tRNA
NZ_CP073100.1/5179354-5179281,0.8086,0.40180999999999994,tRNA
NZ_CP073100.1/3711698-3711627,0.7565000000000001,0.35921,tRNA
NZ_CP073100.1/2692551-2692481,0.9927000000000001,0.41048,tRNA
NZ_CP073100.1/2831619-2831537,0.9682000000000002,0.34807999999999995,tRNA
NZ_CP073100.1/2173481-2173395,0.8504,0.41056999999999994,tRNA
NZ_CP073100.1/3714158-3714231,0.8049000000000001,0.38882,tRNA
NZ_CP073100.1/1072038-1072117,1.0729,0.35622,tRNA
NZ_CP073100.1/2692426-2692356,1.0070000000000001,0.42395,tRNA
NZ_CP073100.1/4422641-4422712,0.7278,0.37322999999999995,tRNA
NZ_CP073100.1/706106-706193,1.0609,0.45487999999999995,tRNA
NZ_CP073100.1/3652109-3652023,0.6878,0.34731,tRNA
NZ_CP073100.1/4947224-4947295,1.1046,0.44298,tRNA
NZ_CP073100.1/526669-526751,1.102,0.41297,tRNA
NZ_CP073100.1/5124480-5124551,0.94,0.34023,tRNA
NZ_CP073100.1/893723-893642,0.5925999999999999,0.31577,tRNA
NZ_CP073100.1/1937867-1937948,1.0323,0.37649999999999995,tRNA
NZ_CP073100.1/3551296-3551367,0.7169,0.36837,tRNA
NZ_CP073100.1/1998407-1998324,1.0003,0.40963,tRNA
NZ_CP073100.1/3736261-3736190,1.0793,0.43651,tRNA
CP035288.1/814061-814133,0.9057000000000001,0.43879,tRNA
CP035288.1/1027673-1027743,0.8401000000000001,0.40337,tRNA
CP035288.1/1026047-1026118,0.7662,0.4114,tRNA
CP035288.1/813649-813720,0.7551,0.4161,tRNA
CP035288.1/1061798-1061869,0.6926999999999999,0.41906,tRNA
CP035288.1/1022238-1022311,0.6933,0.36477999999999994,tRNA
CP035288.1/1026608-1026681,0.6985000000000001,0.38181000000000004,tRNA
CP035288.1/24003-24075,0.9552,0.38977,tRNA
CP035288.1/1061450-1061522,1.0542,0.38942000000000004,tRNA
CP035288.1/896288-896358,0.819,0.38956999999999997,tRNA
CP035288.1/1736431-1736504,1.0645,0.41728000000000004,tRNA
CP035288.1/813983-814054,0.8751000000000001,0.34678,tRNA
CP035288.1/1027264-1027336,0.8763000000000002,0.44574,tRNA
CP035288.1/1025713-1025785,0.8663000000000001,0.437,tRNA
CP035288.1/1025795-1025867,1.0314,0.41549,tRNA
CP035288.1/2305707-2305634,1.0751000000000002,0.42377,tRNA
CP035288.1/813803-813875,0.8053000000000001,0.41125,tRNA
CP035288.1/1027436-1027506,0.9317000000000001,0.41895,tRNA
CP035288.1/1027183-1027255,0.621,0.36278,tRNA
CP035288.1/813895-813975,0.7627999999999999,0.40813999999999995,tRNA
CP035288.1/23923-23994,0.7992999999999999,0.38347,tRNA
CP035288.1/1061536-1061608,0.6791999999999999,0.34570999999999996,tRNA
CP035288.1/1026317-1026390,1.141,0.39901000000000003,tRNA
CP035288.1/1027512-1027584,1.2154,0.40826999999999997,tRNA
CP035288.1/1026507-1026580,0.8411,0.39692,tRNA
CP035288.1/1027005-1027078,0.8894000000000002,0.3633,tRNA
CP035288.1/2025038-2025109,0.9299,0.4561,tRNA
CP035288.1/1026234-1026307,0.9096000000000001,0.44028,tRNA
CP035288.1/1026691-1026780,0.7976,0.36250000000000004,tRNA
CP035288.1/1026901-1026990,0.8009000000000001,0.38295,tRNA
CP035288.1/1022335-1022407,0.8412,0.34303,tRNA
CP035288.1/1026133-1026218,0.9469000000000001,0.44129,tRNA
CP035288.1/1061999-1062087,1.1158000000000001,0.41196,tRNA
CP035288.1/1025961-1026043,1.1187,0.40704,tRNA
CP035288.1/1858938-1858850,1.0356,0.40421,tRNA
CP035288.1/1028046-1028129,0.9733999999999999,0.40831000000000006,tRNA
CP035288.1/896179-896262,1.2014,0.37112,tRNA
CP035288.1/294458-294369,0.8092000000000001,0.34152,tRNA
NC_007795.1/492426-492498,0.9507,0.44118999999999997,tRNA
NC_007795.1/938788-938717,0.7551,0.41534000000000004,tRNA
NC_007795.1/492532-492603,0.7503,0.36713,tRNA
NC_007795.1/1899597-1899527,0.9957,0.42592,tRNA
NC_007795.1/1899437-1899366,0.7093,0.35733000000000004,tRNA
NC_007795.1/492708-492781,1.0286000000000002,0.44335,tRNA
NC_007795.1/1899521-1899449,0.9362,0.4035500000000001,tRNA
NC_007795.1/439581-439670,0.7052,0.34448,tRNA
NC_007795.1/1864781-1864709,0.9119,0.40862,tRNA
NC_007795.1/772226-772155,1.1418000000000001,0.42424,tRNA
NC_007795.1/1900915-1900830,1.0261,0.43667,tRNA
NC_007795.1/1901085-1901004,0.8972,0.36939999999999995,tRNA
NC_007795.1/938711-938623,1.11,0.40831,tRNA
NC_007795.1/1898988-1898905,0.8878,0.3781,tRNA
NC_007795.1/1864400-1864312,1.1049,0.41914999999999997,tRNA
NC_007795.1/2128250-2128168,1.11,0.40332,tRNA
NC_007795.1/1899189-1899118,0.8705,0.42958,tRNA
U00096.3/2785837-2785765,0.775,0.38308,tRNA
U00096.3/564723-564796,0.8540000000000001,0.339,tRNA
U00096.3/228928-229001,0.7009,0.31071000000000004,tRNA
U00096.3/1746516-1746589,0.7007000000000001,0.29501,tRNA
U00096.3/3982375-3982448,0.5068,0.28318000000000004,tRNA
U00096.3/2466309-2466380,1.0445000000000002,0.38016,tRNA
U00096.3/3318289-3318216,0.9180000000000001,0.36511,tRNA
U00096.3/297178-297251,0.9914000000000001,0.4698,tRNA
NZ_CP071878.1/4872877-4872805,0.9768,0.40835,tRNA
NZ_CP071878.1/3533276-3533204,1.2022,0.41597999999999996,tRNA
NZ_CP071878.1/3856372-3856444,1.1851,0.43436,tRNA
NZ_CP071878.1/1466694-1466622,1.0869,0.43404,tRNA
NZ_CP071878.1/5220712-5220638,0.9286000000000001,0.43438,tRNA
NZ_CP071878.1/3533503-3533423,0.7101999999999999,0.40902,tRNA
NZ_CP071878.1/2852702-2852774,1.2376,0.44144,tRNA
NZ_CP071878.1/6443594-6443667,0.7181,0.39727999999999997,tRNA
NZ_CP071878.1/2358183-2358110,0.8181,0.39835,tRNA
NZ_CP071878.1/6088216-6088289,0.9009999999999999,0.39706,tRNA
NZ_CP071878.1/3533107-3533036,0.8113,0.44906,tRNA
NZ_CP071878.1/3533641-3533569,0.6232,0.3926200000000001,tRNA
NZ_CP071878.1/5220496-5220422,0.8956000000000001,0.43877999999999995,tRNA
NZ_CP071878.1/3189949-3190019,0.7578,0.35279,tRNA
NZ_CP071878.1/3168937-3168864,0.9768000000000001,0.46158999999999994,tRNA
NZ_CP071878.1/7163810-7163738,1.0941,0.41522000000000003,tRNA
NZ_CP071878.1/3531706-3531636,0.7184,0.39744999999999997,tRNA
NZ_CP071878.1/5344746-5344820,0.8636,0.35548,tRNA
NZ_CP071878.1/1255126-1255199,0.9091,0.42152,tRNA
NZ_CP071878.1/295698-295770,0.6925,0.3961,tRNA
NZ_CP071878.1/6236829-6236902,0.9510000000000001,0.43613999999999997,tRNA
NZ_CP071878.1/5136050-5136122,1.1814,0.37777999999999995,tRNA
NZ_CP071878.1/5344921-5344994,0.9534,0.44657,tRNA
NZ_CP071878.1/5175623-5175695,1.0288,0.37493000000000004,tRNA
NZ_CP071878.1/5892148-5892061,0.9410000000000001,0.43944999999999995,tRNA
NZ_CP071878.1/2404668-2404582,1.0518,0.42362,tRNA
NZ_CP071878.1/2852828-2852912,0.836,0.44654999999999995,tRNA
NZ_CP071878.1/5527037-5527110,1.0141,0.38718,tRNA
NZ_CP071878.1/5451476-5451405,0.8464000000000002,0.39315000000000005,tRNA
NZ_CP071878.1/1380930-1380844,0.8307,0.38947,tRNA
NZ_CP071878.1/5278555-5278482,0.8941000000000001,0.44309,tRNA
NZ_CP071878.1/2769278-2769205,0.8993000000000002,0.39281,tRNA
NZ_CP071878.1/7185551-7185479,1.1727,0.40545,tRNA
NZ_CP071878.1/3726121-3726051,0.9942,0.3649,tRNA
NZ_CP071878.1/4923550-4923477,1.194,0.42663000000000006,tRNA
NZ_CP071878.1/4706240-4706167,0.9981000000000001,0.43179,tRNA
NZ_CP071878.1/295777-295850,0.7931,0.35426,tRNA
NZ_CP071878.1/3263342-3263413,1.0495,0.41339,tRNA
NZ_CP071878.1/5107223-5107152,0.8905000000000001,0.36222000000000004,tRNA
NZ_CP071878.1/1985130-1985049,1.0917,0.39409,tRNA
NZ_CP071878.1/295611-295684,0.9272,0.3758,tRNA
NZ_CP071878.1/129984-129914,1.0464,0.40031,tRNA
NZ_CP071878.1/7165267-7165350,0.9547000000000001,0.43866999999999995,tRNA
NZ_CP071878.1/801706-801785,1.2186000000000001,0.43108,tRNA
NZ_CP071878.1/7165414-7165497,0.7008,0.39246000000000003,tRNA
NZ_CP071878.1/1297226-1297130,0.8243,0.41246,tRNA
NZ_CP072647.1/659820-659748,0.6988,0.38192000000000004,tRNA
NZ_CP072647.1/948379-948451,0.8089000000000002,0.42673,tRNA
NZ_CP072647.1/875522-875595,0.5190999999999999,0.33391,tRNA
NZ_CP072647.1/618557-618484,0.7878,0.34315,tRNA
NC_019693.1/4266967-4267038,0.5460999999999999,0.33636,tRNA
NC_019693.1/3464868-3464939,0.8004999999999999,0.40081999999999995,tRNA
NC_019693.1/2636437-2636508,0.8287000000000001,0.46332999999999996,tRNA
NC_019693.1/1421956-1422026,0.9305,0.42764,tRNA
NC_019693.1/2297426-2297355,0.7348,0.36755000000000004,tRNA
NC_019693.1/3680138-3680226,0.9318000000000001,0.44114,tRNA
NC_019693.1/3800997-3801069,0.5876,0.32572,tRNA
NC_019693.1/7206263-7206192,0.8345,0.37983,tRNA
NC_019693.1/517570-517498,0.9981,0.38961999999999997,tRNA
NC_019693.1/1661646-1661732,0.5889999999999999,0.38441,tRNA
NC_019693.1/683878-683807,0.8161,0.37675,tRNA
NC_019693.1/1520278-1520350,0.9243,0.40389,tRNA
NC_019693.1/2636283-2636355,0.9505999999999999,0.40698,tRNA
NC_019693.1/286447-286520,0.7963,0.41906,tRNA
NC_019693.1/3786044-3785958,0.9962000000000001,0.37937,tRNA
NC_019693.1/320053-320124,0.9435,0.45376,tRNA
NC_019693.1/3793713-3793627,0.9284,0.37120999999999993,tRNA
NC_019693.1/7037037-7037107,1.0507,0.42595,tRNA
NC_019693.1/2166026-2166099,1.0287000000000002,0.42844000000000004,tRNA
NC_019693.1/7416976-7416904,0.9865000000000002,0.44275,tRNA
NC_019693.1/683588-683661,0.7243,0.36144000000000004,tRNA
NC_019693.1/3353383-3353312,0.6386999999999999,0.38004000000000004,tRNA
NC_019693.1/3361585-3361657,0.6967000000000001,0.42406,tRNA
NC_019693.1/2637327-2637398,0.7798,0.3483,tRNA
NC_019693.1/3800890-3800963,0.798,0.31794,tRNA
NC_019693.1/2234981-2235054,0.6252,0.34453999999999996,tRNA
NC_019693.1/2633819-2633896,0.9876,0.40696,tRNA
NC_019693.1/7390832-7390761,0.5526,0.32261,tRNA
NC_019693.1/2632446-2632532,0.7853,0.35539,tRNA
NC_019693.1/3465850-3465921,1.1863,0.47314999999999996,tRNA
NC_019693.1/7174227-7174155,0.929,0.38697000000000004,tRNA
NC_019693.1/2631986-2632060,0.7672,0.36933,tRNA
NC_019693.1/2632355-2632441,0.8137000000000001,0.37512000000000006,tRNA
NC_019693.1/684037-683956,0.9087000000000001,0.42777,tRNA
NC_019693.1/2632109-2632180,1.2176,0.42622999999999994,tRNA
NC_019693.1/2633732-2633805,1.1241,0.41795,tRNA
NC_019693.1/5123297-5123370,0.9999000000000001,0.45294999999999996,tRNA
NC_019693.1/2633642-2633714,1.0966,0.43161,tRNA
NC_019693.1/2632190-2632261,1.0466,0.41896,tRNA
NC_019693.1/5072481-5072554,0.7586,0.39394,tRNA
NC_019693.1/2636518-2636591,0.7493,0.3519,tRNA
NC_019693.1/2056551-2056632,0.6869,0.38171,tRNA
NC_019693.1/2632270-2632343,0.9137000000000001,0.40729,tRNA
NC_019693.1/2831139-2831059,1.0705,0.39355,tRNA
NC_019693.1/3688644-3688571,0.8202999999999999,0.34803,tRNA
NC_019693.1/2611472-2611543,0.8175000000000001,0.38985,tRNA
NC_019693.1/2632570-2632659,0.7628,0.39203,tRNA
NC_019693.1/1777511-1777439,1.14,0.38772999999999996,tRNA
NC_019693.1/2637564-2637636,0.6764000000000001,0.38424,tRNA
NC_019693.1/2636910-2636982,0.9167,0.37666999999999995,tRNA
NC_019693.1/5613150-5613077,0.9493,0.43399,tRNA
NC_019693.1/961576-961648,1.0048,0.35679,tRNA
NC_019693.1/2636109-2636182,1.0503,0.41169,tRNA
NC_019693.1/443801-443873,0.9691000000000001,0.42323,tRNA
NC_019693.1/2053868-2053785,1.0363000000000002,0.41384,tRNA
NC_019693.1/2633901-2633975,0.6828,0.40381,tRNA
NC_019693.1/2632664-2632737,1.1137,0.41363999999999995,tRNA
NC_019693.1/2636360-2636431,0.8437,0.41404,tRNA
NC_019693.1/3582-3502,1.1245,0.38253000000000004,tRNA
NC_019693.1/2636197-2636269,0.8774000000000001,0.42338,tRNA
NC_019693.1/2633984-2634057,1.1384,0.42971,tRNA
NC_019693.1/2636989-2637062,0.6699000000000002,0.42235,tRNA
NC_019693.1/2639474-2639540,0.9667,0.43807,tRNA
NC_019693.1/2639807-2639879,0.7039,0.45436,tRNA
NC_019693.1/2637067-2637149,0.9315,0.36289,tRNA
